{
  "type": "FeatureCollection",
  "properties": {
    "title": "Genuine State Boundaries of India for 7 Supported States",
    "source": "DataMeet maps repository (Survey of India / Census)",
    "date": "2026-09-19T05:44:23.339Z"
  },
  "features": [
    {
      "type": "Feature",
      "properties": {
        "slug": "uttar-pradesh",
        "name": "Uttar Pradesh",
        "source": "DataMeet (Survey of India / Census of India)",
        "license": "ODbL / CC-BY-SA"
      },
      "geometry": {
        "type": "MultiPolygon",
        "coordinates": [
          [
            [
              [
                79.36726853531474,
                25.12703925885478
              ],
              [
                79.4241453721113,
                25.0568323100631
              ],
              [
                79.41714527053784,
                25.037031559758702
              ],
              [
                79.36065978182353,
                25.03883830584317
              ],
              [
                79.38110024328165,
                25.07980974552339
              ],
              [
                79.36726853531474,
                25.12703925885478
              ]
            ]
          ],
          [
            [
              [
                77.59785250858647,
                30.403882864802426
              ],
              [
                77.64608715279991,
                30.406243559093014
              ],
              [
                77.71805756240661,
                30.338840556146806
              ],
              [
                77.93698545371575,
                30.244567091997737
              ],
              [
                77.8564484350473,
                30.113050279147103
              ],
              [
                77.7928023184723,
                30.083924757121906
              ],
              [
                77.71550187531136,
                29.87316384493556
              ],
              [
                77.77693202549261,
                29.780088678849495
              ],
              [
                77.76981391038373,
                29.710526245389985
              ],
              [
                77.804606266566,
                29.67647834979607
              ],
              [
                77.84105270711677,
                29.663866579379203
              ],
              [
                77.93236528383085,
                29.708345932618727
              ],
              [
                77.96420360451282,
                29.69984165376934
              ],
              [
                77.98751746376001,
                29.638705492864233
              ],
              [
                77.9629834817024,
                29.592860332938073
              ],
              [
                78.00000916029455,
                29.54024983226401
              ],
              [
                78.04891009242687,
                29.54699052079593
              ],
              [
                78.05185483703116,
                29.58234625187805
              ],
              [
                78.09063316568808,
                29.59389615768157
              ],
              [
                78.15142506071805,
                29.670454920957866
              ],
              [
                78.23365381387248,
                29.711951955918096
              ],
              [
                78.2437829338354,
                29.69840633848179
              ],
              [
                78.34433461285215,
                29.79049481788161
              ],
              [
                78.42097440504483,
                29.767707589034046
              ],
              [
                78.50015931010415,
                29.735600690319643
              ],
              [
                78.5397934084391,
                29.61853512029961
              ],
              [
                78.61762129948346,
                29.555922645813496
              ],
              [
                78.79782721455439,
                29.47008316320745
              ],
              [
                78.93216866755,
                29.454157926147445
              ],
              [
                78.81003027098029,
                29.33232639804487
              ],
              [
                78.7591440170828,
                29.337356471723865
              ],
              [
                78.73939907960391,
                29.31150768802945
              ],
              [
                78.81187908105483,
                29.25185095955419
              ],
              [
                78.87608591773096,
                29.243470317701053
              ],
              [
                78.90693808052805,
                29.150763540005414
              ],
              [
                78.97321046209322,
                29.157126212904473
              ],
              [
                79.02889756147334,
                29.11178945681803
              ],
              [
                79.04288469747087,
                29.124150490852514
              ],
              [
                79.02241454039876,
                29.146962661497696
              ],
              [
                79.05020953344325,
                29.160225991636253
              ],
              [
                79.14277652141936,
                29.123280820353614
              ],
              [
                79.17744898358376,
                29.01120534105371
              ],
              [
                79.23338981229006,
                29.011184744780223
              ],
              [
                79.30726314238018,
                28.94819259001605
              ],
              [
                79.3808052719458,
                28.95156957847331
              ],
              [
                79.41440892762995,
                28.922926636255283
              ],
              [
                79.4313329193788,
                28.849178711228603
              ],
              [
                79.51898731301412,
                28.857191277655375
              ],
              [
                79.54169788904642,
                28.880781146932463
              ],
              [
                79.56228784211027,
                28.878069783593673
              ],
              [
                79.55996863804228,
                28.843935786007762
              ],
              [
                79.62046885865095,
                28.860604571743636
              ],
              [
                79.66584298246772,
                28.84263766319765
              ],
              [
                79.78634626227023,
                28.885741447609746
              ],
              [
                79.81761874211134,
                28.862972429134345
              ],
              [
                79.79394419087174,
                28.807101346450054
              ],
              [
                79.82084085921832,
                28.80466242283262
              ],
              [
                79.83419107825574,
                28.835675108319663
              ],
              [
                79.88717229476566,
                28.824172142630346
              ],
              [
                79.85513875644853,
                28.808961127354223
              ],
              [
                79.8651625981754,
                28.79472432966412
              ],
              [
                79.90662208733954,
                28.795382035352702
              ],
              [
                79.94124418926799,
                28.720451250025235
              ],
              [
                79.97954691505817,
                28.709556072254998
              ],
              [
                80.02539656889661,
                28.731332428948463
              ],
              [
                80.0703480311368,
                28.829225999780135
              ],
              [
                80.12363987168277,
                28.825016928888203
              ],
              [
                80.21512271344255,
                28.75811996636338
              ],
              [
                80.26215989686182,
                28.753446051194373
              ],
              [
                80.27069794525403,
                28.719549586144524
              ],
              [
                80.31998276829017,
                28.69828171243114
              ],
              [
                80.36768236265095,
                28.63729974478747
              ],
              [
                80.44400293958404,
                28.633950477032954
              ],
              [
                80.52722903998824,
                28.55907892375336
              ],
              [
                80.50825692681576,
                28.65865273393655
              ],
              [
                80.57331858618386,
                28.68659048985927
              ],
              [
                80.59410215429102,
                28.64605645793921
              ],
              [
                80.66774502501295,
                28.640294185028665
              ],
              [
                80.70609021679013,
                28.573648010147622
              ],
              [
                80.77136343267631,
                28.565254831745165
              ],
              [
                80.78711116694683,
                28.524523767358005
              ],
              [
                80.9086104585059,
                28.494969367642227
              ],
              [
                80.90239997158147,
                28.460970279155106
              ],
              [
                80.97021751252822,
                28.434894806050522
              ],
              [
                81.00212118604395,
                28.449869002852267
              ],
              [
                81.0359884357178,
                28.432544845168536
              ],
              [
                81.03713088138511,
                28.400206385416425
              ],
              [
                81.21567830720818,
                28.35748045206128
              ],
              [
                81.24475566694053,
                28.277284998603875
              ],
              [
                81.31759533875396,
                28.205970210956536
              ],
              [
                81.31959492646473,
                28.135383199674948
              ],
              [
                81.37084516027596,
                28.141825065074727
              ],
              [
                81.37800940161264,
                28.17139460937375
              ],
              [
                81.43936260040374,
                28.164792611589803
              ],
              [
                81.48879253354863,
                28.07847640556173
              ],
              [
                81.69708075797064,
                27.989325670443407
              ],
              [
                81.88177681984439,
                27.865134489465163
              ],
              [
                81.92817680661437,
                27.858736138661925
              ],
              [
                81.97030934749847,
                27.927331865673125
              ],
              [
                82.0702030204531,
                27.92198696092953
              ],
              [
                82.13257305570204,
                27.863120984745706
              ],
              [
                82.20720978520347,
                27.84568747309845
              ],
              [
                82.45857035104092,
                27.676181067602215
              ],
              [
                82.70652738672959,
                27.720317702699845
              ],
              [
                82.75331716755329,
                27.588926024216676
              ],
              [
                82.73733649808099,
                27.509647086943573
              ],
              [
                82.75711765125868,
                27.500679489067238
              ],
              [
                82.91538162286366,
                27.499795576005056
              ],
              [
                83.0477013648262,
                27.44851574100869
              ],
              [
                83.18416680875129,
                27.452862520588894
              ],
              [
                83.31183556106237,
                27.329156674041315
              ],
              [
                83.3887759543469,
                27.371255045184228
              ],
              [
                83.40323185116904,
                27.477995900790233
              ],
              [
                83.60861450095854,
                27.47001355518148
              ],
              [
                83.83952592688007,
                27.366224845600186
              ],
              [
                83.86656167088444,
                27.34490531932505
              ],
              [
                83.83946671101995,
                27.324153684345106
              ],
              [
                83.8691959227537,
                27.308392739033707
              ],
              [
                83.91814911089278,
                27.327132014131223
              ],
              [
                83.93368809542932,
                27.313195305818738
              ],
              [
                83.90800503250631,
                27.256212419167866
              ],
              [
                83.97152499578198,
                27.224791659107836
              ],
              [
                83.99503757732242,
                27.17865026969423
              ],
              [
                83.95130293558208,
                27.116720923831622
              ],
              [
                83.9539295360193,
                27.08416464378331
              ],
              [
                84.030535410281,
                27.092450985424705
              ],
              [
                84.0008973745143,
                27.06825135511599
              ],
              [
                84.05057788126425,
                27.04169702269951
              ],
              [
                84.06159410148666,
                26.88882050006606
              ],
              [
                84.15040037647623,
                26.8847794315256
              ],
              [
                84.1413746158459,
                26.867754015135745
              ],
              [
                84.17842407161368,
                26.831770475427163
              ],
              [
                84.21873224239914,
                26.868242944156577
              ],
              [
                84.25512488460578,
                26.856012257859447
              ],
              [
                84.24335058895855,
                26.736898623073046
              ],
              [
                84.3073943506688,
                26.75067199381749
              ],
              [
                84.3326181550039,
                26.685954925879173
              ],
              [
                84.41148471714604,
                26.668760172543955
              ],
              [
                84.42360226693114,
                26.6247595626038
              ],
              [
                84.27214399225147,
                26.600500870219037
              ],
              [
                84.09381061047134,
                26.63744664494675
              ],
              [
                84.0522471614774,
                26.5383029804982
              ],
              [
                83.97177720075729,
                26.50590929787586
              ],
              [
                83.91010474803574,
                26.510962357327003
              ],
              [
                83.91147102596716,
                26.447545602947287
              ],
              [
                84.01819996915333,
                26.44236629936529
              ],
              [
                84.08630495231176,
                26.381455697422552
              ],
              [
                84.18040643101205,
                26.371551865726076
              ],
              [
                84.16826386928221,
                26.243562098612017
              ],
              [
                84.13489654553922,
                26.259081386197067
              ],
              [
                84.06730228827007,
                26.22434859481183
              ],
              [
                84.01448721161557,
                26.231618649481163
              ],
              [
                84.02702281664972,
                26.142757827911453
              ],
              [
                84.1677703321352,
                26.03007243469517
              ],
              [
                84.17470368962364,
                26.000570335952318
              ],
              [
                84.30017388101987,
                25.946291785337678
              ],
              [
                84.37358535168266,
                25.948593190923077
              ],
              [
                84.41682909128957,
                25.929468388155613
              ],
              [
                84.4318112650779,
                25.890576348319883
              ],
              [
                84.53708357994333,
                25.876004663784272
              ],
              [
                84.53538687310578,
                25.832627551120652
              ],
              [
                84.61923221609396,
                25.799047167193066
              ],
              [
                84.63458220180723,
                25.740056279673638
              ],
              [
                84.56393159676583,
                25.73481679975555
              ],
              [
                84.5606017004082,
                25.6824808674981
              ],
              [
                84.53969112014914,
                25.691253042693802
              ],
              [
                84.54418170582113,
                25.724894335005615
              ],
              [
                84.5328760459928,
                25.682778529605514
              ],
              [
                84.49668935752788,
                25.67625649234327
              ],
              [
                84.45735133759422,
                25.709723023898505
              ],
              [
                84.41024832559981,
                25.697814974781295
              ],
              [
                84.38956726851467,
                25.732521283830238
              ],
              [
                84.34591575290972,
                25.743354518995886
              ],
              [
                84.32174770139534,
                25.667187280968278
              ],
              [
                84.29394535729244,
                25.65979576116547
              ],
              [
                84.22547807325452,
                25.662273044465508
              ],
              [
                84.16397727593062,
                25.724040808236737
              ],
              [
                84.11636452280453,
                25.72170410516037
              ],
              [
                84.07812171434568,
                25.6936724735059
              ],
              [
                84.08494250729092,
                25.635652471584365
              ],
              [
                83.92941870341048,
                25.559794322450045
              ],
              [
                83.85950416198756,
                25.47182441516469
              ],
              [
                83.82313989069348,
                25.466392237511798
              ],
              [
                83.81395072774393,
                25.451780767868172
              ],
              [
                83.8458816875899,
                25.444344769395627
              ],
              [
                83.79063437107942,
                25.396849520788805
              ],
              [
                83.70114892088606,
                25.39181752795662
              ],
              [
                83.65085386511385,
                25.339184747478157
              ],
              [
                83.5478436113936,
                25.31565040594154
              ],
              [
                83.47160809953425,
                25.254412672906597
              ],
              [
                83.41763048545857,
                25.247247729199387
              ],
              [
                83.35228617007073,
                25.185381386242057
              ],
              [
                83.36203200617223,
                25.10842732506103
              ],
              [
                83.32639716509715,
                25.015458100910678
              ],
              [
                83.35440568687301,
                24.994133317198873
              ],
              [
                83.36538729218984,
                24.87185226477027
              ],
              [
                83.39848658109088,
                24.831469507811562
              ],
              [
                83.40217090296488,
                24.777922397400744
              ],
              [
                83.47975051727263,
                24.73423462832551
              ],
              [
                83.51712108586946,
                24.683404114408404
              ],
              [
                83.5054847165465,
                24.650344464925183
              ],
              [
                83.54684282423699,
                24.62648076737355
              ],
              [
                83.50606603831704,
                24.525889651286434
              ],
              [
                83.39951094217628,
                24.491619040386468
              ],
              [
                83.40682064076003,
                24.410961415437043
              ],
              [
                83.45927016368717,
                24.365977348276033
              ],
              [
                83.38642790002763,
                24.314493601898278
              ],
              [
                83.41069897247968,
                24.275171933438003
              ],
              [
                83.35128681283618,
                24.117975322203392
              ],
              [
                83.19080512475676,
                23.918779429826884
              ],
              [
                83.09429182530755,
                23.87744804549095
              ],
              [
                82.94652384759752,
                23.875016684272623
              ],
              [
                82.81553199420625,
                23.961983259319993
              ],
              [
                82.80843942703797,
                23.99543264889769
              ],
              [
                82.75367267405471,
                24.01191793966126
              ],
              [
                82.77408108007785,
                24.07661058650939
              ],
              [
                82.7162403427177,
                24.079459841998187
              ],
              [
                82.6713775644231,
                24.122529332562692
              ],
              [
                82.67872108201237,
                24.157038652311996
              ],
              [
                82.72821200717846,
                24.137629314841035
              ],
              [
                82.73490063755446,
                24.22179295578036
              ],
              [
                82.77204797103707,
                24.290912198838953
              ],
              [
                82.76241294580086,
                24.37788713668209
              ],
              [
                82.71512411408668,
                24.383502119527236
              ],
              [
                82.74458996295647,
                24.497985065958062
              ],
              [
                82.7205922727153,
                24.554358258127138
              ],
              [
                82.80883014469549,
                24.550891123426652
              ],
              [
                82.77088768911563,
                24.643742697367657
              ],
              [
                82.69981981483267,
                24.646649942041222
              ],
              [
                82.67369056316903,
                24.697793710511405
              ],
              [
                82.53740577055993,
                24.64983252045448
              ],
              [
                82.52657138785929,
                24.676168088286715
              ],
              [
                82.45699981189188,
                24.675671677805724
              ],
              [
                82.44047938011937,
                24.704013426278664
              ],
              [
                82.4155472268231,
                24.692858425376073
              ],
              [
                82.42269364359686,
                24.604227457031584
              ],
              [
                82.30645416203004,
                24.61013658563496
              ],
              [
                82.28667572120764,
                24.67851273057812
              ],
              [
                82.2612095333933,
                24.663715008640793
              ],
              [
                82.23684221819389,
                24.68833697946809
              ],
              [
                82.25187425399366,
                24.773248727746648
              ],
              [
                82.24656983762799,
                24.751926293963322
              ],
              [
                82.21738794969417,
                24.75699627685674
              ],
              [
                82.22193849226767,
                24.726191476855206
              ],
              [
                82.1810883072796,
                24.737046246287264
              ],
              [
                82.216957503586,
                24.795216017705116
              ],
              [
                82.19950881048328,
                24.81513391909516
              ],
              [
                82.12042399097447,
                24.78963195355186
              ],
              [
                82.01314880497341,
                24.8479101742152
              ],
              [
                81.96979282098198,
                24.828933110274875
              ],
              [
                81.90472652650806,
                24.889605207514364
              ],
              [
                81.90830033249443,
                25.000424726919675
              ],
              [
                81.80000311015544,
                25.00690471278233
              ],
              [
                81.65519467449468,
                25.0717558678391
              ],
              [
                81.61106825479618,
                25.059728592900285
              ],
              [
                81.63104450240195,
                25.107905702086555
              ],
              [
                81.59942013223338,
                25.119619313280737
              ],
              [
                81.62742383454241,
                25.156262381603653
              ],
              [
                81.58010154984669,
                25.189493644216384
              ],
              [
                81.52127627967661,
                25.184407318842716
              ],
              [
                81.52714520408796,
                25.148375029583974
              ],
              [
                81.4830735827797,
                25.134637750431864
              ],
              [
                81.50577828533966,
                25.092624851755545
              ],
              [
                81.48575762381535,
                25.07583279234956
              ],
              [
                81.41143685402767,
                25.102918294943436
              ],
              [
                81.43752195437474,
                25.12603868753547
              ],
              [
                81.40893056759165,
                25.118216405063094
              ],
              [
                81.35781017340082,
                25.16375716066449
              ],
              [
                81.32135406603737,
                25.15992769180957
              ],
              [
                81.3251402631127,
                25.124493949935868
              ],
              [
                81.31537650981812,
                25.156045401274298
              ],
              [
                81.28359426636234,
                25.165336193910264
              ],
              [
                81.25646190998918,
                25.108123148264724
              ],
              [
                81.26358984569487,
                25.057258629182456
              ],
              [
                81.20950678700865,
                24.966743236711068
              ],
              [
                81.21570925287978,
                24.933769262041835
              ],
              [
                81.19263498111957,
                24.925732092861836
              ],
              [
                81.20717101383127,
                24.931267534269352
              ],
              [
                81.17240647278055,
                24.95622746942223
              ],
              [
                81.12494260511721,
                24.89830644958306
              ],
              [
                81.06560666211783,
                24.949506600149505
              ],
              [
                80.96336892423653,
                24.922063091838254
              ],
              [
                80.94499374956195,
                24.968791584763892
              ],
              [
                80.90543374996764,
                24.952993019912014
              ],
              [
                80.91091627256799,
                24.936451201361876
              ],
              [
                80.8103131325451,
                24.940682579937175
              ],
              [
                80.79976056140083,
                24.960107955917465
              ],
              [
                80.85633857776321,
                24.994344889904824
              ],
              [
                80.83730895204656,
                25.026139294892573
              ],
              [
                80.87886493756685,
                25.067202702842508
              ],
              [
                80.87478233563633,
                25.115531578019954
              ],
              [
                80.90986774400125,
                25.154078538094097
              ],
              [
                80.88635783524597,
                25.19164470114208
              ],
              [
                80.8568830633028,
                25.186054840858276
              ],
              [
                80.83593438866114,
                25.106388582667023
              ],
              [
                80.80782563564463,
                25.14245405870787
              ],
              [
                80.71883020355114,
                25.134416837367212
              ],
              [
                80.72720357708346,
                25.100035669210797
              ],
              [
                80.78956518118821,
                25.06564514091059
              ],
              [
                80.77411022750505,
                25.057219202903923
              ],
              [
                80.69503509369468,
                25.054823690460978
              ],
              [
                80.6874316405578,
                25.07782878906744
              ],
              [
                80.62819252846248,
                25.085546626075995
              ],
              [
                80.61470856314975,
                25.097522375257483
              ],
              [
                80.64056240553066,
                25.119221329101094
              ],
              [
                80.61398130299477,
                25.14518542386827
              ],
              [
                80.59594109880271,
                25.105022597914626
              ],
              [
                80.61490051444724,
                25.072171026371848
              ],
              [
                80.55153606373841,
                25.063590601924773
              ],
              [
                80.49203163005575,
                25.09868603323389
              ],
              [
                80.501252473423,
                25.050240528577604
              ],
              [
                80.54898522758623,
                25.025498323788668
              ],
              [
                80.53028677991102,
                25.00283825817911
              ],
              [
                80.46032407349725,
                24.98261313308967
              ],
              [
                80.45095463694702,
                25.03994882287992
              ],
              [
                80.50124967653142,
                25.034028727943507
              ],
              [
                80.44983098531179,
                25.076865518029308
              ],
              [
                80.37209122602934,
                25.04355800999423
              ],
              [
                80.39715844400706,
                25.010795786996027
              ],
              [
                80.32074111351164,
                25.00016980419315
              ],
              [
                80.27524510367863,
                25.027401630081215
              ],
              [
                80.2895591945013,
                25.055824244693213
              ],
              [
                80.34656510289722,
                25.054326106364783
              ],
              [
                80.37371916620663,
                25.11677482869544
              ],
              [
                80.35937701563682,
                25.140644403316628
              ],
              [
                80.43070325435178,
                25.167979911144016
              ],
              [
                80.40723432950074,
                25.238661692982816
              ],
              [
                80.31220395904552,
                25.284483827566646
              ],
              [
                80.31899204994323,
                25.382842260661846
              ],
              [
                80.26947459837407,
                25.421640173854996
              ],
              [
                80.20609628731387,
                25.405998084743885
              ],
              [
                80.13144042113856,
                25.333886642554546
              ],
              [
                80.03227669911041,
                25.339988745883943
              ],
              [
                80.00361420293319,
                25.272162293555027
              ],
              [
                79.9413133426367,
                25.258431235013518
              ],
              [
                79.92141241055435,
                25.228871924100076
              ],
              [
                79.91426366453652,
                25.24958182783911
              ],
              [
                79.8536278126735,
                25.233765829629363
              ],
              [
                79.87996362422194,
                25.145774303541316
              ],
              [
                79.85580362613649,
                25.12370637764724
              ],
              [
                79.86371255289208,
                25.09400225430062
              ],
              [
                79.75889353321003,
                25.136077729603585
              ],
              [
                79.61378237046006,
                25.127850718935576
              ],
              [
                79.57665156022136,
                25.170830858257546
              ],
              [
                79.49878227877917,
                25.081462441338658
              ],
              [
                79.47912639666595,
                25.08251602139734
              ],
              [
                79.47780719194839,
                25.12597879718379
              ],
              [
                79.44393633509384,
                25.103115786964054
              ],
              [
                79.43350629747772,
                25.133675402997483
              ],
              [
                79.40952483730143,
                25.108638362670376
              ],
              [
                79.39145961846668,
                25.16550976216587
              ],
              [
                79.4157291072126,
                25.202726343446045
              ],
              [
                79.45036054680185,
                25.207775649126972
              ],
              [
                79.43467699894438,
                25.220249843055853
              ],
              [
                79.46292015294279,
                25.26039497754624
              ],
              [
                79.49747573112018,
                25.26083768321257
              ],
              [
                79.46515285212246,
                25.279047415905552
              ],
              [
                79.42298921448071,
                25.25439471884124
              ],
              [
                79.38024657711787,
                25.288451520421404
              ],
              [
                79.36061901555519,
                25.26052669045447
              ],
              [
                79.34607220177077,
                25.320028777805874
              ],
              [
                79.30174557140106,
                25.334434161507374
              ],
              [
                79.26776002850255,
                25.30531907701385
              ],
              [
                79.26658389423142,
                25.269308303135745
              ],
              [
                79.29536607308586,
                25.285345764795238
              ],
              [
                79.31765010426898,
                25.257054912554224
              ],
              [
                79.33954503117832,
                25.271399183725407
              ],
              [
                79.35455718836363,
                25.20941739299832
              ],
              [
                79.34016866695049,
                25.19601591350363
              ],
              [
                79.29159334425748,
                25.241622917663562
              ],
              [
                79.31072903691557,
                25.128551482365083
              ],
              [
                79.27621938081984,
                25.121448243841428
              ],
              [
                79.2433122527583,
                25.156129673145927
              ],
              [
                79.22711136539726,
                25.14974611079441
              ],
              [
                79.24556429275793,
                25.121918613553248
              ],
              [
                79.21379557600511,
                25.108957578829234
              ],
              [
                79.18473159009085,
                25.14110783026223
              ],
              [
                79.18671590281673,
                25.112877390878964
              ],
              [
                79.1317087565539,
                25.107034309385938
              ],
              [
                79.12598510143135,
                25.15352562860494
              ],
              [
                79.09169504628943,
                25.187625920499897
              ],
              [
                79.05037357248244,
                25.13327414708425
              ],
              [
                79.02907775323575,
                25.13829956137573
              ],
              [
                79.03194895488042,
                25.181648550440286
              ],
              [
                79.06412787670018,
                25.21428415878694
              ],
              [
                79.01238750068268,
                25.271981429999073
              ],
              [
                78.97852225020176,
                25.2399463079758
              ],
              [
                79.00468656643193,
                25.193350840968606
              ],
              [
                78.96016591362604,
                25.21573141976927
              ],
              [
                78.88435758693316,
                25.15722931288252
              ],
              [
                78.87947196595854,
                25.245781190349703
              ],
              [
                78.97208393802339,
                25.278869401401778
              ],
              [
                78.96320931745612,
                25.342711196064897
              ],
              [
                78.89262729021732,
                25.34162484650949
              ],
              [
                78.86979240629455,
                25.31954774573194
              ],
              [
                78.87791102527365,
                25.279836240050486
              ],
              [
                78.85320037499736,
                25.228786842838588
              ],
              [
                78.80054908467258,
                25.288045409068445
              ],
              [
                78.79401626453904,
                25.30464911896172
              ],
              [
                78.83389684636245,
                25.314785261730492
              ],
              [
                78.88215540444844,
                25.38255921343699
              ],
              [
                78.9508789404108,
                25.398028948377316
              ],
              [
                78.93857631824255,
                25.372045765499706
              ],
              [
                78.89986735879165,
                25.37021810478177
              ],
              [
                78.93605099225954,
                25.346743042057767
              ],
              [
                78.98194453751046,
                25.367501760098207
              ],
              [
                78.97000806891731,
                25.431260893575427
              ],
              [
                78.92007051074552,
                25.43354691086131
              ],
              [
                78.94316304054195,
                25.474878843783642
              ],
              [
                78.926728533595,
                25.508386158694293
              ],
              [
                78.95141764420896,
                25.535726991407557
              ],
              [
                78.9179455782259,
                25.55413961205352
              ],
              [
                78.8414406294815,
                25.510808218224724
              ],
              [
                78.86462257796967,
                25.461988253854884
              ],
              [
                78.84401523831264,
                25.42911008666124
              ],
              [
                78.82712823298164,
                25.432639821370685
              ],
              [
                78.83731573603245,
                25.46053201494061
              ],
              [
                78.73370889724788,
                25.484871863046067
              ],
              [
                78.75915919404162,
                25.433270935905
              ],
              [
                78.81083449871318,
                25.433042754519533
              ],
              [
                78.74780095265191,
                25.40139867301042
              ],
              [
                78.77306099337022,
                25.359656896548586
              ],
              [
                78.75706760208823,
                25.34701551505401
              ],
              [
                78.663168626431,
                25.387014194949188
              ],
              [
                78.65930856264009,
                25.407979113145586
              ],
              [
                78.70755192398218,
                25.42095970182885
              ],
              [
                78.69656387502289,
                25.440171934886962
              ],
              [
                78.64610299505722,
                25.435241155355072
              ],
              [
                78.63581330384096,
                25.40129418617778
              ],
              [
                78.5682755239963,
                25.39052347997466
              ],
              [
                78.58664544213349,
                25.355425769783494
              ],
              [
                78.56916883317518,
                25.3428042246353
              ],
              [
                78.5351550830407,
                25.36071941856636
              ],
              [
                78.53213221253162,
                25.30140292880219
              ],
              [
                78.501966289113,
                25.315557365679922
              ],
              [
                78.4356471571906,
                25.275705800482342
              ],
              [
                78.52788130068154,
                25.282928985184583
              ],
              [
                78.57560947100035,
                25.25352421287215
              ],
              [
                78.60522390855658,
                25.10310851054936
              ],
              [
                78.65110689216942,
                25.030330100553726
              ],
              [
                78.62974167943503,
                24.962909008643862
              ],
              [
                78.68226156531904,
                24.893725482045397
              ],
              [
                78.76824097524087,
                24.858178037086816
              ],
              [
                78.78737777586372,
                24.810247746836126
              ],
              [
                78.75613529470814,
                24.600398782278035
              ],
              [
                78.80053479534456,
                24.593674528856468
              ],
              [
                78.8885386385474,
                24.63514310656916
              ],
              [
                78.9702080223824,
                24.497620265862622
              ],
              [
                78.90933671811513,
                24.47394608964038
              ],
              [
                78.94738650688186,
                24.44160490134516
              ],
              [
                78.98874878562799,
                24.442879040135665
              ],
              [
                78.97502267155909,
                24.355942668819182
              ],
              [
                78.91435587222577,
                24.296960561380843
              ],
              [
                78.88756866576136,
                24.224670203567086
              ],
              [
                78.79488411391077,
                24.17714450481509
              ],
              [
                78.77285321850127,
                24.246298290833522
              ],
              [
                78.6716962867543,
                24.24413112974787
              ],
              [
                78.59996656990131,
                24.334936978059147
              ],
              [
                78.51166170742192,
                24.389467709367352
              ],
              [
                78.39906142604406,
                24.270333474710128
              ],
              [
                78.33458825334526,
                24.321017884767627
              ],
              [
                78.36870371770249,
                24.373631902690192
              ],
              [
                78.2729659782973,
                24.442784780393367
              ],
              [
                78.27576581334165,
                24.468503476254455
              ],
              [
                78.22264488984985,
                24.526981175540868
              ],
              [
                78.26148565124186,
                24.547630071070955
              ],
              [
                78.27474409536376,
                24.662358807612918
              ],
              [
                78.16964971316378,
                24.866086480906404
              ],
              [
                78.33414410156911,
                24.99460045474723
              ],
              [
                78.33192305040853,
                25.07904255726828
              ],
              [
                78.39647529959547,
                25.121961267498534
              ],
              [
                78.43779574997393,
                25.11944714706823
              ],
              [
                78.44883042968064,
                25.152306458176554
              ],
              [
                78.39814140700037,
                25.186128587064673
              ],
              [
                78.40460265998485,
                25.21265978711955
              ],
              [
                78.3233109563356,
                25.299424985974383
              ],
              [
                78.33766077542452,
                25.326127782071524
              ],
              [
                78.30664419407435,
                25.378556184420404
              ],
              [
                78.35460972965535,
                25.449602171902768
              ],
              [
                78.3844351427677,
                25.443154709122553
              ],
              [
                78.42659789997316,
                25.485295898786774
              ],
              [
                78.43331539948616,
                25.55615788587778
              ],
              [
                78.48835117656563,
                25.57513408916691
              ],
              [
                78.58341374724671,
                25.560019949760942
              ],
              [
                78.61157416991205,
                25.582013565573618
              ],
              [
                78.65172525971303,
                25.560163129025227
              ],
              [
                78.81275259075949,
                25.619301106960563
              ],
              [
                78.79887165840034,
                25.705230030741404
              ],
              [
                78.7544432220771,
                25.743743991991664
              ],
              [
                78.82824237428622,
                25.794047566142297
              ],
              [
                78.81901753523113,
                25.824740913162657
              ],
              [
                78.86370858438374,
                25.789088210652437
              ],
              [
                78.8735494311614,
                25.828977724542426
              ],
              [
                78.8544446841749,
                25.855110037498264
              ],
              [
                78.88473425628098,
                25.86447658902341
              ],
              [
                78.96073364574124,
                26.0365684833489
              ],
              [
                79.00727764994366,
                26.071621965781162
              ],
              [
                78.9525386986021,
                26.132003715099415
              ],
              [
                79.0089227734673,
                26.14946525591688
              ],
              [
                78.98399476244839,
                26.18726291884866
              ],
              [
                79.02647971346806,
                26.206985807648948
              ],
              [
                78.99270555082057,
                26.231651157275166
              ],
              [
                79.00986955363703,
                26.24616673670556
              ],
              [
                79.0543615522439,
                26.22801181859063
              ],
              [
                79.0694703307912,
                26.238143488131527
              ],
              [
                79.04537145512859,
                26.261428070848865
              ],
              [
                79.1350370062529,
                26.310468820579672
              ],
              [
                79.12510241504447,
                26.347988991398893
              ],
              [
                79.09268076440583,
                26.35411422708995
              ],
              [
                79.08924331362806,
                26.399886711902298
              ],
              [
                79.1234518362333,
                26.40996513438347
              ],
              [
                79.12956600216933,
                26.4422552951458
              ],
              [
                79.06657885662901,
                26.445635745992945
              ],
              [
                79.06954629832308,
                26.497627282872884
              ],
              [
                78.98667818744843,
                26.586707485062448
              ],
              [
                79.01434821339939,
                26.60474764159045
              ],
              [
                79.00607089555547,
                26.675241545161214
              ],
              [
                78.95660194892088,
                26.6568783296712
              ],
              [
                78.93950139057677,
                26.698502328219945
              ],
              [
                78.87362801572039,
                26.69889374285202
              ],
              [
                78.8201089173927,
                26.759680474874074
              ],
              [
                78.7345519693979,
                26.77380396158361
              ],
              [
                78.73014969175495,
                26.79188665064845
              ],
              [
                78.58377247871698,
                26.75017667871083
              ],
              [
                78.39822490185782,
                26.819074211905388
              ],
              [
                78.3598872239163,
                26.868535346129363
              ],
              [
                78.29053547553184,
                26.85826611538897
              ],
              [
                78.2640113738259,
                26.814475668917055
              ],
              [
                78.22537816157296,
                26.831853990968966
              ],
              [
                78.19954901457544,
                26.88278221442772
              ],
              [
                78.23499980939374,
                26.876803660860332
              ],
              [
                78.26803660980175,
                26.910375573174235
              ],
              [
                78.22441614868637,
                26.948107209680018
              ],
              [
                78.12333866934415,
                26.94902928007724
              ],
              [
                78.11112535345234,
                26.904104312763877
              ],
              [
                78.05057123377549,
                26.909621407102293
              ],
              [
                78.03938521705419,
                26.859695018510365
              ],
              [
                78.02235427702834,
                26.902589334630136
              ],
              [
                77.91778440732458,
                26.90848818128461
              ],
              [
                77.89295113808458,
                26.886559716857505
              ],
              [
                77.76148261702923,
                26.931991478224177
              ],
              [
                77.71887393818179,
                26.89730009882055
              ],
              [
                77.72786573681435,
                26.881027205441228
              ],
              [
                77.61636332890458,
                26.828834602634856
              ],
              [
                77.52843956223609,
                26.81636741622333
              ],
              [
                77.50573075606957,
                26.842311718710903
              ],
              [
                77.49398172687523,
                26.755395697253675
              ],
              [
                77.45590149875522,
                26.74114958708384
              ],
              [
                77.4635982700442,
                26.774775520773687
              ],
              [
                77.44655437258626,
                26.77021387157299
              ],
              [
                77.43051288466194,
                26.831209525998872
              ],
              [
                77.46294984176183,
                26.88393785674674
              ],
              [
                77.75587907086248,
                26.992747291554338
              ],
              [
                77.74755723477864,
                27.021840426294716
              ],
              [
                77.71170179630093,
                26.99457464920073
              ],
              [
                77.68636226540627,
                27.04479497670684
              ],
              [
                77.63548872072795,
                27.009798022960467
              ],
              [
                77.5762787646533,
                27.03363645405915
              ],
              [
                77.57379202588135,
                27.072319730671097
              ],
              [
                77.52236597910672,
                27.064747831147542
              ],
              [
                77.52194146043013,
                27.10242287601494
              ],
              [
                77.59898092213189,
                27.117368796332926
              ],
              [
                77.62309383171504,
                27.169054676132475
              ],
              [
                77.66293569862364,
                27.169834672532147
              ],
              [
                77.6813648416142,
                27.1946075451022
              ],
              [
                77.62123275039119,
                27.254567244382883
              ],
              [
                77.62261269711831,
                27.337661888185664
              ],
              [
                77.58887323031536,
                27.322721094003327
              ],
              [
                77.4379781506712,
                27.398715848357767
              ],
              [
                77.4357503411054,
                27.445348326064448
              ],
              [
                77.39176869067262,
                27.505844610340546
              ],
              [
                77.34875118362027,
                27.519150393875634
              ],
              [
                77.35206995086759,
                27.57988444271291
              ],
              [
                77.31980501249137,
                27.60608615095515
              ],
              [
                77.35101098836645,
                27.647407879270247
              ],
              [
                77.34268791931208,
                27.702310420889262
              ],
              [
                77.31106979583444,
                27.707618985827594
              ],
              [
                77.31300197665996,
                27.78242047562452
              ],
              [
                77.28461252185048,
                27.800986825481687
              ],
              [
                77.353029852146,
                27.853386997212226
              ],
              [
                77.41278964742435,
                27.852601058092432
              ],
              [
                77.42011810766462,
                27.889379456396853
              ],
              [
                77.46758348439033,
                27.87962887996889
              ],
              [
                77.48685104104277,
                27.934528094096322
              ],
              [
                77.54059341405485,
                27.93610964994042
              ],
              [
                77.5294474396477,
                28.00084585095533
              ],
              [
                77.48111929202179,
                28.073088581572847
              ],
              [
                77.50589271947348,
                28.154199555665002
              ],
              [
                77.55197655497409,
                28.175966459584515
              ],
              [
                77.50167931115135,
                28.17943452328467
              ],
              [
                77.49871852893699,
                28.206331428152964
              ],
              [
                77.52017395356518,
                28.200659189070393
              ],
              [
                77.54529399412257,
                28.234843852661697
              ],
              [
                77.47694908892936,
                28.264080111807743
              ],
              [
                77.50448958732466,
                28.28697066916112
              ],
              [
                77.47567479095892,
                28.328319987777263
              ],
              [
                77.5018701949536,
                28.363884784255447
              ],
              [
                77.48443435226358,
                28.407891586027915
              ],
              [
                77.30514136777998,
                28.555732228059924
              ],
              [
                77.34762311721312,
                28.612011393411137
              ],
              [
                77.32603453536558,
                28.635444915550465
              ],
              [
                77.33186838441844,
                28.70637169160034
              ],
              [
                77.3031243116377,
                28.70434348476408
              ],
              [
                77.20468972215303,
                28.796959832929986
              ],
              [
                77.22763916531528,
                28.829950566465527
              ],
              [
                77.19214995955303,
                28.88451354656297
              ],
              [
                77.22728078547993,
                28.89502543237785
              ],
              [
                77.20126092824927,
                28.941582944397396
              ],
              [
                77.22478510924543,
                29.00067977115458
              ],
              [
                77.13509055408588,
                29.10829721124736
              ],
              [
                77.16524044259239,
                29.31181629398685
              ],
              [
                77.12858754827681,
                29.35209936469397
              ],
              [
                77.1579445701858,
                29.384718510051243
              ],
              [
                77.13119510646902,
                29.492338806390876
              ],
              [
                77.09782316111006,
                29.52330840356001
              ],
              [
                77.11817088088151,
                29.561417539487934
              ],
              [
                77.09708158194951,
                29.59589522198695
              ],
              [
                77.14100471259746,
                29.653673862059122
              ],
              [
                77.15189806834121,
                29.71236946887592
              ],
              [
                77.12466842510781,
                29.743747617258805
              ],
              [
                77.16420655318996,
                29.788414286690056
              ],
              [
                77.19894976052308,
                29.912656307242855
              ],
              [
                77.27540775116682,
                29.997291172249845
              ],
              [
                77.28858044493165,
                30.045638733540784
              ],
              [
                77.42110337162336,
                30.097621208851763
              ],
              [
                77.43619378331653,
                30.16357802640482
              ],
              [
                77.48598645800871,
                30.183660313972382
              ],
              [
                77.53759678396449,
                30.273050275050196
              ],
              [
                77.58333782398142,
                30.306287634167006
              ],
              [
                77.60510544196262,
                30.36593752599606
              ],
              [
                77.58100347173291,
                30.393876679465222
              ],
              [
                77.59785250858647,
                30.403882864802426
              ]
            ]
          ]
        ]
      }
    },
    {
      "type": "Feature",
      "properties": {
        "slug": "punjab",
        "name": "Punjab",
        "source": "DataMeet (Survey of India / Census of India)",
        "license": "ODbL / CC-BY-SA"
      },
      "geometry": {
        "type": "Polygon",
        "coordinates": [
          [
            [
              75.88469360122878,
              32.48840602821571
            ],
            [
              75.9472636600899,
              32.430293512135904
            ],
            [
              75.94173427022048,
              32.41127998788119
            ],
            [
              75.85956290820172,
              32.37892198765968
            ],
            [
              75.75179530201166,
              32.27344336651822
            ],
            [
              75.63777898051558,
              32.23455380341534
            ],
            [
              75.63349473169654,
              32.19685112058278
            ],
            [
              75.6769481653256,
              32.16436385360902
            ],
            [
              75.59364381311156,
              32.081439570180066
            ],
            [
              75.70475702411744,
              32.061023120620575
            ],
            [
              75.90942331983041,
              31.94872876072378
            ],
            [
              75.98560106823476,
              31.817822318645142
            ],
            [
              75.94183080974415,
              31.80382579372548
            ],
            [
              76.16752663994254,
              31.41180721113392
            ],
            [
              76.14893020236701,
              31.359538353911944
            ],
            [
              76.1866631851579,
              31.304390097724877
            ],
            [
              76.31004485668484,
              31.31667078812643
            ],
            [
              76.30995832032028,
              31.33971175079671
            ],
            [
              76.35068975702671,
              31.350441409243672
            ],
            [
              76.32995460841852,
              31.399900904003573
            ],
            [
              76.37096086984832,
              31.427088829485967
            ],
            [
              76.46230142357189,
              31.303191102687265
            ],
            [
              76.44979674532357,
              31.29185531107379
            ],
            [
              76.47612253392788,
              31.303995014758186
            ],
            [
              76.52827821057105,
              31.261559715308692
            ],
            [
              76.54525595389919,
              31.280596210047122
            ],
            [
              76.55993092107519,
              31.252880637031808
            ],
            [
              76.58456708770098,
              31.2771436839339
            ],
            [
              76.6156410143214,
              31.247833442059743
            ],
            [
              76.58992673952747,
              31.222715756826744
            ],
            [
              76.64812592687008,
              31.212182317859742
            ],
            [
              76.60428507969272,
              31.179727773617913
            ],
            [
              76.60776429498628,
              31.13331842220748
            ],
            [
              76.63750201700452,
              31.114768098269167
            ],
            [
              76.62364350294536,
              31.000907290239297
            ],
            [
              76.72617146733938,
              30.95990320966547
            ],
            [
              76.86015800918483,
              30.78869039274747
            ],
            [
              76.8441141479496,
              30.764090261956085
            ],
            [
              76.80640066425929,
              30.76273040788209
            ],
            [
              76.8167369943169,
              30.773810269528383
            ],
            [
              76.76422130556887,
              30.79313887036261
            ],
            [
              76.70583774191829,
              30.741038929203285
            ],
            [
              76.75157026445618,
              30.685371197622715
            ],
            [
              76.83190940709352,
              30.656679008529466
            ],
            [
              76.86855649088938,
              30.669254692749917
            ],
            [
              76.92367643641848,
              30.601765477195045
            ],
            [
              76.89796772303202,
              30.536334513926704
            ],
            [
              76.93324019128187,
              30.513878352504037
            ],
            [
              76.90349161534584,
              30.446900725288288
            ],
            [
              76.9429675067451,
              30.388343650039474
            ],
            [
              76.89982875039658,
              30.35416052338951
            ],
            [
              76.8451521706362,
              30.42977293906995
            ],
            [
              76.82110902236354,
              30.407769836308944
            ],
            [
              76.77051960859313,
              30.43487286579017
            ],
            [
              76.73777314171718,
              30.4164335595612
            ],
            [
              76.714201289458,
              30.380851761399697
            ],
            [
              76.74146843352145,
              30.344393746574212
            ],
            [
              76.54503495989553,
              30.22820628179454
            ],
            [
              76.59620381135687,
              30.252601788941433
            ],
            [
              76.65411484962067,
              30.18963974797606
            ],
            [
              76.63968435325035,
              30.151055929187805
            ],
            [
              76.54549011487694,
              30.078794999889396
            ],
            [
              76.4584718324092,
              30.10737980183643
            ],
            [
              76.4319701723856,
              30.194131043213133
            ],
            [
              76.39865026359882,
              30.18327987016994
            ],
            [
              76.40182678148085,
              30.12377899780256
            ],
            [
              76.3376684488399,
              30.14558859703618
            ],
            [
              76.36008716429126,
              30.12796204950905
            ],
            [
              76.33461739267858,
              30.104542827489524
            ],
            [
              76.26283886781954,
              30.11543546017839
            ],
            [
              76.22736462138022,
              30.147903884556683
            ],
            [
              76.207582846771,
              30.13651642779098
            ],
            [
              76.2611489526621,
              30.103641850690906
            ],
            [
              76.20125600376161,
              30.00482271469656
            ],
            [
              76.21480697396271,
              29.94845151362648
            ],
            [
              76.18091897513068,
              29.93298500635302
            ],
            [
              76.19394067632123,
              29.890250215575065
            ],
            [
              76.2532535229318,
              29.86529106463098
            ],
            [
              76.17773351349092,
              29.814660404354242
            ],
            [
              76.08864097350221,
              29.80223525944973
            ],
            [
              76.05232073301545,
              29.745247230475343
            ],
            [
              75.96821696893801,
              29.728711808802984
            ],
            [
              75.88996057791837,
              29.74379124067326
            ],
            [
              75.83072196404748,
              29.81224822387651
            ],
            [
              75.78236304431908,
              29.822347877552545
            ],
            [
              75.7205385081457,
              29.809311576767925
            ],
            [
              75.70798574944286,
              29.752239019615104
            ],
            [
              75.6358624227127,
              29.77039479208605
            ],
            [
              75.63307649838174,
              29.75078398579234
            ],
            [
              75.57918403661404,
              29.73986031030512
            ],
            [
              75.45466074589677,
              29.805372279107473
            ],
            [
              75.2977404954276,
              29.617440107574964
            ],
            [
              75.30586465423045,
              29.565685220096896
            ],
            [
              75.23315690037072,
              29.54388167869655
            ],
            [
              75.23298165218154,
              29.596663751131246
            ],
            [
              75.16767007391485,
              29.660662245466312
            ],
            [
              75.24105020230508,
              29.749960451413756
            ],
            [
              75.19252597549342,
              29.836760704043286
            ],
            [
              75.15173562060244,
              29.775092855850687
            ],
            [
              75.09907508704566,
              29.811055843352563
            ],
            [
              75.11721335960891,
              29.824734325728627
            ],
            [
              75.09133973933757,
              29.847647735754435
            ],
            [
              75.11074839332377,
              29.866144800941868
            ],
            [
              75.10001777799812,
              29.910027768766554
            ],
            [
              75.07563052572823,
              29.87737292212273
            ],
            [
              74.99993896071453,
              29.854919151097988
            ],
            [
              74.9342196783955,
              29.940218674452296
            ],
            [
              74.81125481475794,
              29.99158577156618
            ],
            [
              74.70070764064513,
              29.968521507461674
            ],
            [
              74.63611653804787,
              29.905346871261145
            ],
            [
              74.53994000592661,
              29.944584267849734
            ],
            [
              73.90020871905722,
              29.97140461343224
            ],
            [
              73.89096293209371,
              30.0126453011398
            ],
            [
              73.96736510811331,
              30.120886778102374
            ],
            [
              73.97591223156428,
              30.19643423215416
            ],
            [
              73.96756127633188,
              30.263176733419584
            ],
            [
              73.89548400478304,
              30.35624936341742
            ],
            [
              73.97270139915031,
              30.440748866067395
            ],
            [
              73.94281845640671,
              30.437816972775124
            ],
            [
              73.93520261331003,
              30.48936955506099
            ],
            [
              73.96614808436664,
              30.46195254617311
            ],
            [
              74.01178010766591,
              30.5306125531269
            ],
            [
              74.07456418179163,
              30.524468215835554
            ],
            [
              74.1064394286368,
              30.61660119548884
            ],
            [
              74.17566503811105,
              30.6507353549527
            ],
            [
              74.23300781006242,
              30.723181295480458
            ],
            [
              74.28102268065226,
              30.733577282065994
            ],
            [
              74.26572282854573,
              30.765953945018623
            ],
            [
              74.30229064969376,
              30.779605085306514
            ],
            [
              74.33468121886324,
              30.851523173255885
            ],
            [
              74.38093861452552,
              30.861307233242258
            ],
            [
              74.37229435260235,
              30.894945702582163
            ],
            [
              74.42552677763871,
              30.911535800336992
            ],
            [
              74.42514794901871,
              30.942927928681
            ],
            [
              74.5499699837278,
              30.99434304419617
            ],
            [
              74.54990683063579,
              31.032517848619875
            ],
            [
              74.58313241852636,
              31.058278998776814
            ],
            [
              74.63453767567324,
              31.047667650641642
            ],
            [
              74.69532298226989,
              31.072711782123122
            ],
            [
              74.68879157407196,
              31.13166240519587
            ],
            [
              74.60718043932587,
              31.135785437048355
            ],
            [
              74.61027558744848,
              31.10058869801003
            ],
            [
              74.55925424009115,
              31.08832246510974
            ],
            [
              74.51347638722552,
              31.181061300938325
            ],
            [
              74.55353182153641,
              31.366899052149563
            ],
            [
              74.6089539203872,
              31.422948618783778
            ],
            [
              74.65459167326719,
              31.426649138347102
            ],
            [
              74.64521049696691,
              31.47083128543551
            ],
            [
              74.58803954498904,
              31.497960550838798
            ],
            [
              74.62033990136541,
              31.55811352072243
            ],
            [
              74.49427325800451,
              31.714524218018312
            ],
            [
              74.50860071365207,
              31.742473275721125
            ],
            [
              74.55884791469958,
              31.752315916646296
            ],
            [
              74.56930508036521,
              31.829582735954546
            ],
            [
              74.61175345236,
              31.8853994582185
            ],
            [
              74.81543052979515,
              31.963242401215894
            ],
            [
              74.88301253110347,
              32.049219629382435
            ],
            [
              74.92120360246435,
              32.063836547119024
            ],
            [
              75.01341925859197,
              32.034998266756645
            ],
            [
              75.13776163449188,
              32.08284872868592
            ],
            [
              75.17900203441638,
              32.0686543978822
            ],
            [
              75.20787491529518,
              32.11532138707241
            ],
            [
              75.23965708500651,
              32.090936520703906
            ],
            [
              75.26651886955023,
              32.107590001777226
            ],
            [
              75.3277136284812,
              32.21410808092327
            ],
            [
              75.37431483765971,
              32.22749541498149
            ],
            [
              75.37619907832487,
              32.275375684040625
            ],
            [
              75.32737124398778,
              32.29732898954131
            ],
            [
              75.33962948641175,
              32.34237919104686
            ],
            [
              75.43024950241266,
              32.324740207694504
            ],
            [
              75.48195067968015,
              32.33922435941673
            ],
            [
              75.51419317277674,
              32.2755383111442
            ],
            [
              75.56057716870146,
              32.36105888695812
            ],
            [
              75.70057826217709,
              32.40060103680844
            ],
            [
              75.75954596427488,
              32.46905884648862
            ],
            [
              75.82022662665753,
              32.48691084236151
            ],
            [
              75.88785447900108,
              32.57513777229042
            ],
            [
              75.86736379040667,
              32.521111842137884
            ],
            [
              75.88469360122878,
              32.48840602821571
            ]
          ]
        ]
      }
    },
    {
      "type": "Feature",
      "properties": {
        "slug": "uttarakhand",
        "name": "Uttarakhand",
        "source": "DataMeet (Survey of India / Census of India)",
        "license": "ODbL / CC-BY-SA"
      },
      "geometry": {
        "type": "Polygon",
        "coordinates": [
          [
            [
              79.2104692175804,
              31.34846262195248
            ],
            [
              79.26512189066278,
              31.28439819202299
            ],
            [
              79.2494274628072,
              31.24879719423518
            ],
            [
              79.2783162706794,
              31.240043992036647
            ],
            [
              79.31499347187128,
              31.143918554897425
            ],
            [
              79.39242864066927,
              31.115427680842856
            ],
            [
              79.42828892289555,
              31.032127358490868
            ],
            [
              79.5165138302491,
              31.033708196676002
            ],
            [
              79.54812894549451,
              30.967747614560835
            ],
            [
              79.6046966313445,
              30.9373874447748
            ],
            [
              79.7533666488518,
              31.00062142543851
            ],
            [
              79.87153805583665,
              30.971152030541816
            ],
            [
              79.93018678459248,
              30.886680298057342
            ],
            [
              80.05919766084344,
              30.8384400330811
            ],
            [
              80.11609160274531,
              30.77591439713177
            ],
            [
              80.1718193658711,
              30.806976891570343
            ],
            [
              80.21044365235275,
              30.755526717783823
            ],
            [
              80.24118705294018,
              30.75477162361159
            ],
            [
              80.23466564520339,
              30.69162993047695
            ],
            [
              80.19799347032244,
              30.65971359090952
            ],
            [
              80.22324204378538,
              30.639670222402913
            ],
            [
              80.22566157891879,
              30.576645692944453
            ],
            [
              80.4152185924641,
              30.52550823951367
            ],
            [
              80.5342867296489,
              30.451834889868337
            ],
            [
              80.59884050408607,
              30.481592729720774
            ],
            [
              80.75202351387412,
              30.39251524348373
            ],
            [
              80.82570697099999,
              30.31435669510546
            ],
            [
              81.03434811727186,
              30.24510544416097
            ],
            [
              81.03364505157793,
              30.198053708811642
            ],
            [
              80.99329191648883,
              30.18677658447183
            ],
            [
              80.92580857530555,
              30.179799045989228
            ],
            [
              80.90282649214896,
              30.216038617288405
            ],
            [
              80.8747778057512,
              30.13050448509398
            ],
            [
              80.76253941156466,
              30.047916892550575
            ],
            [
              80.74430848005238,
              30.002070732578318
            ],
            [
              80.68155707559862,
              29.960648765827955
            ],
            [
              80.60034443404845,
              29.953553717430168
            ],
            [
              80.5546556059715,
              29.853253094954425
            ],
            [
              80.49647640336337,
              29.796138711232572
            ],
            [
              80.43813903968498,
              29.805287160973762
            ],
            [
              80.37813129052671,
              29.750281236889634
            ],
            [
              80.39480778704979,
              29.668714035824166
            ],
            [
              80.42068072203773,
              29.649503204809093
            ],
            [
              80.41377683353409,
              29.597776337508037
            ],
            [
              80.29004661535907,
              29.44947368226468
            ],
            [
              80.24658634598313,
              29.44259790656821
            ],
            [
              80.31861146134992,
              29.30807166447579
            ],
            [
              80.30302251497716,
              29.207016847149816
            ],
            [
              80.25044738284049,
              29.20245685539959
            ],
            [
              80.27414749461127,
              29.14506825849338
            ],
            [
              80.2428681169701,
              29.120620900034567
            ],
            [
              80.1916990559667,
              29.132755893070055
            ],
            [
              80.15136794887178,
              29.102838182536118
            ],
            [
              80.14082627031615,
              29.010407708049343
            ],
            [
              80.06334140947854,
              28.90378693981546
            ],
            [
              80.04998632510888,
              28.769082771352885
            ],
            [
              79.99998960323768,
              28.710969747156184
            ],
            [
              79.94124418926799,
              28.720451250025235
            ],
            [
              79.90072139707485,
              28.77970657959503
            ],
            [
              79.91237015725699,
              28.793340362967456
            ],
            [
              79.85233516943259,
              28.80258547364076
            ],
            [
              79.88307480905524,
              28.810341174805444
            ],
            [
              79.86135452599063,
              28.83930912571566
            ],
            [
              79.7972430390351,
              28.800122615466364
            ],
            [
              79.82089108275733,
              28.852830420987175
            ],
            [
              79.78634626227023,
              28.885741447609746
            ],
            [
              79.67125606301693,
              28.841635635875946
            ],
            [
              79.62046885865095,
              28.860604571743636
            ],
            [
              79.55996863804228,
              28.843935786007762
            ],
            [
              79.55048612613388,
              28.886298142345424
            ],
            [
              79.50868188186342,
              28.856279746413236
            ],
            [
              79.42047270455174,
              28.85190891806218
            ],
            [
              79.41440892762995,
              28.922926636255283
            ],
            [
              79.37151526801529,
              28.964372800164654
            ],
            [
              79.31646652091325,
              28.947833326147133
            ],
            [
              79.21588038617097,
              29.023016964861085
            ],
            [
              79.16634971097045,
              29.021323277047657
            ],
            [
              79.15418107879378,
              29.113649083938128
            ],
            [
              79.1297672560541,
              29.12779798998531
            ],
            [
              79.03504202107246,
              29.164722412109654
            ],
            [
              79.02889756147334,
              29.11178945681803
            ],
            [
              78.9851434485114,
              29.154755132343553
            ],
            [
              78.91230427582173,
              29.14457245145752
            ],
            [
              78.88299599626828,
              29.234703274936237
            ],
            [
              78.81187908105483,
              29.25185095955419
            ],
            [
              78.72589315734342,
              29.311378321452423
            ],
            [
              78.88242862927785,
              29.386371829096674
            ],
            [
              78.93530364304877,
              29.450184985748535
            ],
            [
              78.78708331983938,
              29.474990024370186
            ],
            [
              78.61762129948346,
              29.555922645813496
            ],
            [
              78.53019200795484,
              29.63332370962155
            ],
            [
              78.48616902827808,
              29.742702711161257
            ],
            [
              78.34451654300409,
              29.79042802703185
            ],
            [
              78.2437829338354,
              29.69840633848179
            ],
            [
              78.20590526901299,
              29.704403537693167
            ],
            [
              78.15142506071805,
              29.670454920957866
            ],
            [
              78.09063316568808,
              29.59389615768157
            ],
            [
              78.0560179345801,
              29.58744729915361
            ],
            [
              78.05029455015341,
              29.555813478908988
            ],
            [
              78.00000916029455,
              29.54024983226401
            ],
            [
              77.99609345544866,
              29.574262652499442
            ],
            [
              77.96523533194505,
              29.57913758413224
            ],
            [
              77.98915231252926,
              29.636491455516307
            ],
            [
              77.96420360451282,
              29.69984165376934
            ],
            [
              77.93236528383085,
              29.708345932618727
            ],
            [
              77.84105270711677,
              29.663866579379203
            ],
            [
              77.804606266566,
              29.67647834979607
            ],
            [
              77.77414497251254,
              29.706378677334158
            ],
            [
              77.77693202549261,
              29.780088678849495
            ],
            [
              77.71558446994737,
              29.862372989422
            ],
            [
              77.79789967672878,
              30.091547006089513
            ],
            [
              77.85135833431974,
              30.10700859946735
            ],
            [
              77.94021103231336,
              30.231162803020993
            ],
            [
              77.72390950491979,
              30.33372387595614
            ],
            [
              77.65307549393896,
              30.401466560033782
            ],
            [
              77.5762035912228,
              30.39961145380562
            ],
            [
              77.824168710018,
              30.52818388447872
            ],
            [
              77.81182311734307,
              30.559164772636223
            ],
            [
              77.77541151742764,
              30.558058914986987
            ],
            [
              77.74310080355929,
              30.593488591025732
            ],
            [
              77.78587506917916,
              30.612921106723775
            ],
            [
              77.79277479741904,
              30.658881870901666
            ],
            [
              77.74716698027197,
              30.681006972993487
            ],
            [
              77.74812107192997,
              30.711882078395263
            ],
            [
              77.70216567040944,
              30.76394145293574
            ],
            [
              77.7580817138001,
              30.83152195237625
            ],
            [
              77.7586313938238,
              30.876492637625176
            ],
            [
              77.80347391938591,
              30.85379204496695
            ],
            [
              77.80982239648648,
              30.919090359132838
            ],
            [
              77.77242604882315,
              30.91569430504819
            ],
            [
              77.74879844399305,
              30.954950834713316
            ],
            [
              77.76819916146218,
              30.972197562567487
            ],
            [
              77.83360076276506,
              30.952128755837464
            ],
            [
              77.81302707394036,
              30.971442674339983
            ],
            [
              77.8390761384531,
              31.00051616968551
            ],
            [
              77.81935980301256,
              31.05415624751288
            ],
            [
              77.9021736613854,
              31.15008652637215
            ],
            [
              77.96951152553652,
              31.174136786483587
            ],
            [
              78.02247215116887,
              31.152386068562294
            ],
            [
              78.0447483420624,
              31.180614709301437
            ],
            [
              78.3714747942264,
              31.286036323317717
            ],
            [
              78.50165694121495,
              31.19919615877575
            ],
            [
              78.61055526591286,
              31.231379043907793
            ],
            [
              78.66284500449342,
              31.189607058319154
            ],
            [
              78.80406251916997,
              31.199331592179306
            ],
            [
              78.87735425949154,
              31.10718887286822
            ],
            [
              78.95265966910853,
              31.100093359520997
            ],
            [
              79.00597184692327,
              31.125631975135605
            ],
            [
              78.92123136013919,
              31.245046028451497
            ],
            [
              78.93861922579669,
              31.320295918421948
            ],
            [
              79.00530002277787,
              31.356748440188426
            ],
            [
              79.05636025502179,
              31.457118336542067
            ],
            [
              79.13837680234758,
              31.436437188625405
            ],
            [
              79.2104692175804,
              31.34846262195248
            ]
          ]
        ]
      }
    },
    {
      "type": "Feature",
      "properties": {
        "slug": "goa",
        "name": "Goa",
        "source": "DataMeet (Survey of India / Census of India)",
        "license": "ODbL / CC-BY-SA"
      },
      "geometry": {
        "type": "MultiPolygon",
        "coordinates": [
          [
            [
              [
                73.87131989679585,
                15.781275751674627
              ],
              [
                73.87393004863287,
                15.751423661972467
              ],
              [
                73.93716281790978,
                15.743612388101269
              ],
              [
                73.96796066525258,
                15.63109523195942
              ],
              [
                73.99451117824833,
                15.611228047836164
              ],
              [
                74.15616003255951,
                15.650763712675257
              ],
              [
                74.18317635930157,
                15.683146510802885
              ],
              [
                74.21730623709323,
                15.652506489083237
              ],
              [
                74.2248304356761,
                15.66870805543249
              ],
              [
                74.24863624656558,
                15.65641107561072
              ],
              [
                74.2477171358372,
                15.568087848075777
              ],
              [
                74.27916189520533,
                15.536453964878604
              ],
              [
                74.24977681175051,
                15.491825580486193
              ],
              [
                74.27988703116159,
                15.384976877281133
              ],
              [
                74.32221175177096,
                15.369657260774034
              ],
              [
                74.33440838254086,
                15.299244030887337
              ],
              [
                74.25109192994864,
                15.260075507079023
              ],
              [
                74.31086273652613,
                15.193585106467538
              ],
              [
                74.28205272994961,
                15.108125581130707
              ],
              [
                74.29624375214752,
                15.042455472841823
              ],
              [
                74.25544707142524,
                14.993367787493469
              ],
              [
                74.2677257617346,
                14.97784173340932
              ],
              [
                74.20536209458504,
                14.924045744615455
              ],
              [
                74.16546842133062,
                14.953602412421446
              ],
              [
                74.16719117972923,
                14.920542671207386
              ],
              [
                74.04927507408547,
                14.913503484198486
              ],
              [
                74.04569108327695,
                14.987086153403311
              ],
              [
                73.96369117430828,
                15.068706865929187
              ],
              [
                73.91923427714022,
                15.082558282538741
              ],
              [
                73.95909575016879,
                15.185020939964431
              ],
              [
                73.9512533669494,
                15.157480060256603
              ],
              [
                73.88574698473559,
                15.351313875335109
              ],
              [
                73.78668495444714,
                15.405294455374872
              ],
              [
                73.94052357090612,
                15.40761169352487
              ],
              [
                73.93673043735987,
                15.430705391540641
              ],
              [
                73.90828061645732,
                15.41683861810776
              ],
              [
                73.78564825736123,
                15.46163274035871
              ],
              [
                73.83279537390746,
                15.499887533183141
              ],
              [
                73.77270162438055,
                15.491278123586596
              ],
              [
                73.73591175342472,
                15.590282054972931
              ],
              [
                73.76334501845787,
                15.63163129085143
              ],
              [
                73.7212759993879,
                15.634485503403312
              ],
              [
                73.68403467506027,
                15.723242053977685
              ],
              [
                73.78423113625797,
                15.725752310021164
              ],
              [
                73.82426486902853,
                15.739837964950198
              ],
              [
                73.85141648258468,
                15.789841152047586
              ],
              [
                73.87131989679585,
                15.781275751674627
              ]
            ]
          ]
        ]
      }
    },
    {
      "type": "Feature",
      "properties": {
        "slug": "manipur",
        "name": "Manipur",
        "source": "DataMeet (Survey of India / Census of India)",
        "license": "ODbL / CC-BY-SA"
      },
      "geometry": {
        "type": "Polygon",
        "coordinates": [
          [
            [
              94.57602334300293,
              25.642213008823376
            ],
            [
              94.59394445537237,
              25.637684926817997
            ],
            [
              94.55829971815751,
              25.587981285008368
            ],
            [
              94.56678874810228,
              25.50036274644367
            ],
            [
              94.68084738989518,
              25.45317466487893
            ],
            [
              94.60020059638049,
              25.292215253331335
            ],
            [
              94.5835676549234,
              25.20923735232202
            ],
            [
              94.74357017072685,
              25.12958755172417
            ],
            [
              94.73999759141577,
              25.018171706259295
            ],
            [
              94.7035679205232,
              24.97655731336937
            ],
            [
              94.69069272249124,
              24.90085867069115
            ],
            [
              94.63890341346183,
              24.8418138058625
            ],
            [
              94.60996772303207,
              24.726639256496526
            ],
            [
              94.54423882696034,
              24.70070388157893
            ],
            [
              94.52903695599076,
              24.625634599757007
            ],
            [
              94.40098531462064,
              24.481300435067055
            ],
            [
              94.40497721722488,
              24.42470330361465
            ],
            [
              94.36429360286752,
              24.39813860201491
            ],
            [
              94.38083648711427,
              24.372938188146918
            ],
            [
              94.33230819986358,
              24.332262854747
            ],
            [
              94.25749266085768,
              24.149548009233285
            ],
            [
              94.25700449805919,
              24.083330309146504
            ],
            [
              94.23037308924671,
              24.06073405043611
            ],
            [
              94.24087165430348,
              24.041749345855692
            ],
            [
              94.18766690500371,
              23.927987141293613
            ],
            [
              94.16802896166729,
              23.9290691687072
            ],
            [
              94.15266893952003,
              23.8454671660769
            ],
            [
              94.12606678025776,
              23.836859050604744
            ],
            [
              94.09827565969402,
              23.88318646838087
            ],
            [
              93.93917519717769,
              23.947405099665673
            ],
            [
              93.80576758400684,
              23.928077541145683
            ],
            [
              93.74446523917948,
              24.00366592424308
            ],
            [
              93.6256623192607,
              24.010649163528115
            ],
            [
              93.60145871844514,
              23.96507384338321
            ],
            [
              93.57048720122344,
              23.97880368154472
            ],
            [
              93.51750890121485,
              23.94574024411702
            ],
            [
              93.46704079969322,
              23.969756657343908
            ],
            [
              93.41854081410736,
              24.07198330748372
            ],
            [
              93.35516597353092,
              24.105151481755513
            ],
            [
              93.33575671969692,
              24.057069548720733
            ],
            [
              93.25375259740451,
              24.02010524346224
            ],
            [
              93.2465637191404,
              24.081670810859293
            ],
            [
              93.22525113473216,
              24.082910774512698
            ],
            [
              93.21527939342934,
              24.04645825274622
            ],
            [
              93.14087438054827,
              24.08335394602784
            ],
            [
              93.09960340457354,
              24.04173377589308
            ],
            [
              93.07825977556826,
              24.099672639180994
            ],
            [
              92.98367056214681,
              24.111739058011153
            ],
            [
              93.01693707368707,
              24.204378069092684
            ],
            [
              93.01010515972541,
              24.28491453018148
            ],
            [
              93.04241283388524,
              24.340161991482773
            ],
            [
              93.02063889097212,
              24.343639917148494
            ],
            [
              93.02344899897219,
              24.387274157676302
            ],
            [
              92.99964554790375,
              24.400128698280867
            ],
            [
              93.03826728750539,
              24.407904368891536
            ],
            [
              93.06037846179663,
              24.571577416364732
            ],
            [
              93.09543883933105,
              24.576894863007567
            ],
            [
              93.0786266926678,
              24.62303999719819
            ],
            [
              93.10402738915275,
              24.67199798771702
            ],
            [
              93.08244379224726,
              24.698343055087946
            ],
            [
              93.10076473330588,
              24.774990162366123
            ],
            [
              93.11925490069319,
              24.81396044501855
            ],
            [
              93.14798933543955,
              24.79514818454112
            ],
            [
              93.1967032013917,
              24.80775823455491
            ],
            [
              93.19660226418318,
              24.852995442885458
            ],
            [
              93.25267601448655,
              24.91523478595667
            ],
            [
              93.25335213918993,
              25.017775876855296
            ],
            [
              93.33528825025263,
              25.092137422803887
            ],
            [
              93.35266331316143,
              25.17808145609439
            ],
            [
              93.40319953383147,
              25.259289729637374
            ],
            [
              93.47362539649492,
              25.305372170289502
            ],
            [
              93.50367221999699,
              25.249396891253582
            ],
            [
              93.56254763276712,
              25.242476459720876
            ],
            [
              93.60733391562775,
              25.19783068333942
            ],
            [
              93.69084962650913,
              25.343089570527297
            ],
            [
              93.8018370601323,
              25.45591054823325
            ],
            [
              93.81332360779834,
              25.480221119808903
            ],
            [
              93.77289235759628,
              25.493415265102442
            ],
            [
              93.7684982934615,
              25.526316920789327
            ],
            [
              93.83299146528395,
              25.55686087602868
            ],
            [
              93.95676004673885,
              25.551977253347616
            ],
            [
              94.0248536255944,
              25.588494307766155
            ],
            [
              94.10523008200272,
              25.523785090009937
            ],
            [
              94.19396370975744,
              25.547123811015126
            ],
            [
              94.21384858984061,
              25.49485063075207
            ],
            [
              94.2856761987976,
              25.506159448999426
            ],
            [
              94.31240829750499,
              25.488835832707537
            ],
            [
              94.4190991705903,
              25.536818536346402
            ],
            [
              94.42888762736214,
              25.586902548214084
            ],
            [
              94.50661667571904,
              25.61296982759552
            ],
            [
              94.57187254008574,
              25.691584800797955
            ],
            [
              94.57602334300293,
              25.642213008823376
            ]
          ]
        ]
      }
    },
    {
      "type": "Feature",
      "properties": {
        "slug": "himachal-pradesh",
        "name": "Himachal Pradesh",
        "source": "DataMeet (Survey of India / Census of India)",
        "license": "ODbL / CC-BY-SA"
      },
      "geometry": {
        "type": "Polygon",
        "coordinates": [
          [
            [
              76.79633817057015,
              33.25489599215638
            ],
            [
              76.84676252726888,
              33.243004180298726
            ],
            [
              76.81932963545438,
              33.160540258026515
            ],
            [
              76.8622697432541,
              33.11115342129341
            ],
            [
              76.8950570978069,
              33.11304505978171
            ],
            [
              76.93521990757273,
              33.03231279290111
            ],
            [
              77.01170036418051,
              32.99073943967346
            ],
            [
              77.14524780664101,
              32.98208705057698
            ],
            [
              77.17505588352225,
              32.911340019326474
            ],
            [
              77.18423981241745,
              32.92617215202324
            ],
            [
              77.34541369338729,
              32.817623467549026
            ],
            [
              77.41315049859668,
              32.88508379867841
            ],
            [
              77.472913960411,
              32.85938141022393
            ],
            [
              77.68112974624086,
              32.973471799883725
            ],
            [
              77.7412138784178,
              32.96182792212096
            ],
            [
              77.80814363921763,
              32.902737070459466
            ],
            [
              77.77930439298342,
              32.862116761179664
            ],
            [
              77.86545975526354,
              32.82556833660948
            ],
            [
              77.89407263044757,
              32.777077413491895
            ],
            [
              77.92670386988772,
              32.769134145224655
            ],
            [
              77.92857774766497,
              32.685093517152154
            ],
            [
              77.9941576908248,
              32.58868209020636
            ],
            [
              78.05328338581967,
              32.58863860438811
            ],
            [
              78.05001241663979,
              32.6251159888119
            ],
            [
              78.07658878064774,
              32.62128814413262
            ],
            [
              78.10617386882905,
              32.65654831954936
            ],
            [
              78.13914341073985,
              32.63900994245495
            ],
            [
              78.1621719690612,
              32.673289257892975
            ],
            [
              78.2193677126499,
              32.66181971101088
            ],
            [
              78.30273820910111,
              32.70339200843449
            ],
            [
              78.30558069988945,
              32.73447021133126
            ],
            [
              78.38230006769402,
              32.75959417832871
            ],
            [
              78.38098155995107,
              32.66849630036404
            ],
            [
              78.40656732252398,
              32.61965934150544
            ],
            [
              78.31998287480991,
              32.57514100265519
            ],
            [
              78.29598167361542,
              32.504317787136245
            ],
            [
              78.32365561521453,
              32.47407494200502
            ],
            [
              78.39423034355559,
              32.52237081656
            ],
            [
              78.45753205845779,
              32.49945123088963
            ],
            [
              78.45893940752768,
              32.450907238778086
            ],
            [
              78.53617248517213,
              32.414613961764985
            ],
            [
              78.48524755682934,
              32.354065369321404
            ],
            [
              78.45872403968275,
              32.24781880539359
            ],
            [
              78.55277912505665,
              32.24573585862305
            ],
            [
              78.60995764842681,
              32.2145191151651
            ],
            [
              78.59124436733373,
              32.15442741699178
            ],
            [
              78.61136619899094,
              32.12764957246986
            ],
            [
              78.78510068614781,
              31.995432800183607
            ],
            [
              78.70762306755057,
              31.788749096693493
            ],
            [
              78.74472554195023,
              31.69765397245294
            ],
            [
              78.78751312832827,
              31.683130921454904
            ],
            [
              78.84709577784793,
              31.61041825729677
            ],
            [
              78.72242655773948,
              31.513546637367483
            ],
            [
              78.7317684030894,
              31.482294210609382
            ],
            [
              78.8081653540479,
              31.450416984356423
            ],
            [
              78.79208214657388,
              31.40168977246509
            ],
            [
              78.8422584873394,
              31.376054219826415
            ],
            [
              78.8441988169219,
              31.32741282754
            ],
            [
              78.98993008380637,
              31.17289360685453
            ],
            [
              79.0118709390926,
              31.112332209863666
            ],
            [
              78.8951468389555,
              31.09861088738262
            ],
            [
              78.84411042795392,
              31.131168791606513
            ],
            [
              78.81840689016593,
              31.194096920936204
            ],
            [
              78.67501312135852,
              31.198179488692517
            ],
            [
              78.61580776171888,
              31.230839446183552
            ],
            [
              78.48517601126395,
              31.198789139107532
            ],
            [
              78.45928015255703,
              31.23928051708225
            ],
            [
              78.36264482230075,
              31.28529601130191
            ],
            [
              78.2476057000431,
              31.230219574074113
            ],
            [
              78.0544983851924,
              31.182816238878388
            ],
            [
              78.02898681848694,
              31.150232900927676
            ],
            [
              77.96951152553652,
              31.174136786483587
            ],
            [
              77.90747054862697,
              31.152655238348643
            ],
            [
              77.82917395341525,
              31.056286171269846
            ],
            [
              77.83708724458074,
              31.00713267623206
            ],
            [
              77.81157896309873,
              30.96829113153052
            ],
            [
              77.82753433913848,
              30.95775572214893
            ],
            [
              77.75622352559526,
              30.96300686447529
            ],
            [
              77.76636636561534,
              30.916287445709088
            ],
            [
              77.81161271105782,
              30.91203637467902
            ],
            [
              77.80301904319435,
              30.860211774453887
            ],
            [
              77.76185726380174,
              30.87756898671944
            ],
            [
              77.7580817138001,
              30.83152195237625
            ],
            [
              77.70216567040944,
              30.76394145293574
            ],
            [
              77.78594290863839,
              30.660507167971502
            ],
            [
              77.75222274128652,
              30.587966435302803
            ],
            [
              77.77081985155496,
              30.56064679421422
            ],
            [
              77.81944117636925,
              30.55576629937525
            ],
            [
              77.81853240154913,
              30.51978104555883
            ],
            [
              77.69237541859076,
              30.446789051973212
            ],
            [
              77.58780695272873,
              30.42165058250845
            ],
            [
              77.58800671283956,
              30.37962483431869
            ],
            [
              77.52303900204834,
              30.444023474803544
            ],
            [
              77.50446610512671,
              30.412552088308303
            ],
            [
              77.44801877914341,
              30.39891565733177
            ],
            [
              77.42950103584417,
              30.403643776439196
            ],
            [
              77.46946319517036,
              30.453443024276226
            ],
            [
              77.41366028289582,
              30.41402658525874
            ],
            [
              77.34578115008009,
              30.459603894704003
            ],
            [
              77.22496319209768,
              30.477376572171124
            ],
            [
              77.2039419727439,
              30.514878976883324
            ],
            [
              77.14417557374378,
              30.537138610358625
            ],
            [
              77.12962406010234,
              30.553099337364586
            ],
            [
              77.17315162754562,
              30.627152820546257
            ],
            [
              77.15376279102003,
              30.69331019680817
            ],
            [
              77.09026222791954,
              30.740606163743507
            ],
            [
              77.0227641729283,
              30.741640403881604
            ],
            [
              77.00617043471783,
              30.814311606595425
            ],
            [
              76.97528259761384,
              30.805030874675197
            ],
            [
              76.94719484736436,
              30.828051359782478
            ],
            [
              76.92064082791194,
              30.88717333608065
            ],
            [
              76.86593949880887,
              30.86690868129068
            ],
            [
              76.82793783726146,
              30.917652912452013
            ],
            [
              76.78337062655322,
              30.90275598360182
            ],
            [
              76.72617146733938,
              30.95990320966547
            ],
            [
              76.6259891785578,
              30.99871819828627
            ],
            [
              76.6186115406901,
              31.075131410786014
            ],
            [
              76.63952192759496,
              31.106985000157692
            ],
            [
              76.61123969985232,
              31.123000630774527
            ],
            [
              76.60428507969272,
              31.179727773617913
            ],
            [
              76.64939938757175,
              31.20982138614812
            ],
            [
              76.60072154846074,
              31.212963186601826
            ],
            [
              76.58456708770098,
              31.2771436839339
            ],
            [
              76.54893026452015,
              31.252375678494843
            ],
            [
              76.47612253392788,
              31.303995014758186
            ],
            [
              76.44512693286174,
              31.280058400175108
            ],
            [
              76.45960283510283,
              31.297611504567328
            ],
            [
              76.38336682951564,
              31.425597014290815
            ],
            [
              76.33286763033692,
              31.38567717795945
            ],
            [
              76.35068975702671,
              31.350441409243672
            ],
            [
              76.31391514936473,
              31.34132006147172
            ],
            [
              76.30433126407661,
              31.31309250171762
            ],
            [
              76.18229706835507,
              31.311795128942094
            ],
            [
              76.14893020236701,
              31.359538353911944
            ],
            [
              76.17075405855303,
              31.40229278318543
            ],
            [
              75.93644909215192,
              31.81588515467621
            ],
            [
              75.9816303302756,
              31.813491654016673
            ],
            [
              75.90942331983041,
              31.94872876072378
            ],
            [
              75.70722295707384,
              32.05892809325695
            ],
            [
              75.59364381311156,
              32.081439570180066
            ],
            [
              75.6769481653256,
              32.16436385360902
            ],
            [
              75.63534650413789,
              32.18497924399696
            ],
            [
              75.64934868849122,
              32.24460073343715
            ],
            [
              75.75179530201166,
              32.27344336651822
            ],
            [
              75.8530823683567,
              32.37264396794484
            ],
            [
              75.95045920312975,
              32.424260730348465
            ],
            [
              75.86736379040667,
              32.521111842137884
            ],
            [
              75.93988491785473,
              32.64353490741013
            ],
            [
              75.91519485216077,
              32.68056664833222
            ],
            [
              75.92895428611149,
              32.75713954985042
            ],
            [
              75.81128232661814,
              32.87064731642056
            ],
            [
              75.81503920399615,
              32.91994851521184
            ],
            [
              75.8839273338794,
              32.93060671352907
            ],
            [
              75.95055422999377,
              32.88449019576598
            ],
            [
              76.0000291679118,
              32.90049585470001
            ],
            [
              76.12444869665006,
              33.00791623984264
            ],
            [
              76.2545534317955,
              33.03239635340901
            ],
            [
              76.30546233961536,
              33.112989192996906
            ],
            [
              76.40937687424343,
              33.18644137506948
            ],
            [
              76.5997378241413,
              33.206318097402345
            ],
            [
              76.63036018767258,
              33.16528869821491
            ],
            [
              76.74775111622108,
              33.17857626957925
            ],
            [
              76.79633817057015,
              33.25489599215638
            ]
          ]
        ]
      }
    },
    {
      "type": "Feature",
      "properties": {
        "slug": "gujarat",
        "name": "Gujarat",
        "source": "DataMeet (Survey of India / Census of India)",
        "license": "ODbL / CC-BY-SA"
      },
      "geometry": {
        "type": "MultiPolygon",
        "coordinates": [
          [
            [
              [
                72.67652899371814,
                21.155700000354784
              ],
              [
                72.70430699407257,
                21.14403100003068
              ],
              [
                72.6931919941153,
                21.09958099976336
              ],
              [
                72.67652899371814,
                21.155700000354784
              ]
            ]
          ],
          [
            [
              [
                72.72263999414048,
                21.6659709999617
              ],
              [
                72.7509679946773,
                21.654581999959362
              ],
              [
                72.72402799429653,
                21.643751999655137
              ],
              [
                72.72263999414048,
                21.6659709999617
              ]
            ]
          ],
          [
            [
              [
                69.62763999349096,
                22.459493052162657
              ],
              [
                69.6568059922028,
                22.4256890014463
              ],
              [
                69.632918993217,
                22.40680600119606
              ],
              [
                69.59263499351022,
                22.42764200247649
              ],
              [
                69.62763999349096,
                22.459493052162657
              ]
            ]
          ],
          [
            [
              [
                69.30208599287431,
                22.474029002136774
              ],
              [
                69.32734599312312,
                22.4587500026106
              ],
              [
                69.29687306364104,
                22.457640002684002
              ],
              [
                69.30208599287431,
                22.474029002136774
              ]
            ]
          ],
          [
            [
              [
                69.13680299166481,
                22.47763900223822
              ],
              [
                69.15013899242064,
                22.4704210030269
              ],
              [
                69.10930599257756,
                22.46236000271199
              ],
              [
                69.08985999154544,
                22.426810001880142
              ],
              [
                69.09242385167948,
                22.455691670933902
              ],
              [
                69.13680299166481,
                22.47763900223822
              ]
            ]
          ],
          [
            [
              [
                69.91874699287945,
                22.553195001648078
              ],
              [
                69.9281919922667,
                22.51680600169567
              ],
              [
                69.8687889922183,
                22.523197002339828
              ],
              [
                69.91874699287945,
                22.553195001648078
              ]
            ]
          ],
          [
            [
              [
                70.00903299257862,
                22.593147364659217
              ],
              [
                70.01847099344167,
                22.561810001430445
              ],
              [
                69.9579169924753,
                22.54958000131603
              ],
              [
                69.96514199290868,
                22.577921001553023
              ],
              [
                70.00903299257862,
                22.593147364659217
              ]
            ]
          ],
          [
            [
              [
                70.44847099384134,
                23.05208400157545
              ],
              [
                70.42291999366284,
                22.997360001462937
              ],
              [
                70.41707599396199,
                23.022640001734715
              ],
              [
                70.44847099384134,
                23.05208400157545
              ]
            ]
          ],
          [
            [
              [
                68.55819699289697,
                23.3137520031525
              ],
              [
                68.61207599271296,
                23.296531003103382
              ],
              [
                68.57514199280877,
                23.246410003019264
              ],
              [
                68.53819299221288,
                23.272916004070396
              ],
              [
                68.56624699270458,
                23.283751003705902
              ],
              [
                68.55819699289697,
                23.3137520031525
              ]
            ]
          ],
          [
            [
              [
                68.5059729929593,
                23.34236200320396
              ],
              [
                68.52874799192637,
                23.326531003403147
              ],
              [
                68.50235799262731,
                23.32375000286038
              ],
              [
                68.5059729929593,
                23.34236200320396
              ]
            ]
          ],
          [
            [
              [
                68.58902699280151,
                23.37431100255077
              ],
              [
                68.61818599208993,
                23.340420003580334
              ],
              [
                68.56986199303662,
                23.370969003117068
              ],
              [
                68.58902699280151,
                23.37431100255077
              ]
            ]
          ],
          [
            [
              [
                68.47286199308655,
                23.480420003480447
              ],
              [
                68.49236399220456,
                23.459582003007085
              ],
              [
                68.4865269928265,
                23.411807004090008
              ],
              [
                68.46069999251068,
                23.41541900338433
              ],
              [
                68.4726399927415,
                23.455694003575445
              ],
              [
                68.42125099263927,
                23.42486000258708
              ],
              [
                68.47286199308655,
                23.480420003480447
              ]
            ]
          ],
          [
            [
              [
                68.48208499212876,
                23.596809003632643
              ],
              [
                68.43263899259551,
                23.50765100289152
              ],
              [
                68.43541799304597,
                23.557084003623913
              ],
              [
                68.48208499212876,
                23.596809003632643
              ]
            ]
          ],
          [
            [
              [
                68.35846699225795,
                23.805140002509177
              ],
              [
                68.42569699262219,
                23.784860003486415
              ],
              [
                68.40152699227696,
                23.680973003401448
              ],
              [
                68.35124899304662,
                23.604861003532562
              ],
              [
                68.28069399223403,
                23.582362003803496
              ],
              [
                68.27652799257288,
                23.62819500309695
              ],
              [
                68.30735799337674,
                23.62763900353724
              ],
              [
                68.27709299254764,
                23.632642003125966
              ],
              [
                68.23986099239096,
                23.59292100330174
              ],
              [
                68.1951369929779,
                23.603751003605964
              ],
              [
                68.20124799240097,
                23.644862003678554
              ],
              [
                68.2995769933836,
                23.647360002861888
              ],
              [
                68.23568799240695,
                23.642920003155666
              ],
              [
                68.33347399263073,
                23.7106950034717
              ],
              [
                68.339301992493,
                23.742639003487284
              ],
              [
                68.34986099289057,
                23.73180700309075
              ],
              [
                68.33486199278678,
                23.75875100365596
              ],
              [
                68.35846699225795,
                23.805140002509177
              ]
            ]
          ],
          [
            [
              [
                68.30790699261365,
                23.82374900271435
              ],
              [
                68.32152499288418,
                23.73291700301735
              ],
              [
                68.29429599266598,
                23.742371003718915
              ],
              [
                68.27263699300289,
                23.70791900315953
              ],
              [
                68.27263699300289,
                23.78958300365275
              ],
              [
                68.30790699261365,
                23.82374900271435
              ]
            ]
          ],
          [
            [
              [
                68.49791599192952,
                23.83069400282602
              ],
              [
                68.51957699258418,
                23.810421003226793
              ],
              [
                68.50013799277423,
                23.794581003010933
              ],
              [
                68.5173569927311,
                23.75597000311319
              ],
              [
                68.49846799220416,
                23.740971003908726
              ],
              [
                68.46541599325354,
                23.768473003226575
              ],
              [
                68.44402999269005,
                23.739305003523157
              ],
              [
                68.45430699267365,
                23.813473003676222
              ],
              [
                68.49791599192952,
                23.83069400282602
              ]
            ]
          ],
          [
            [
              [
                68.39568999199957,
                23.87819600354277
              ],
              [
                68.43846899255004,
                23.839583003552832
              ],
              [
                68.42652899231922,
                23.810421003226793
              ],
              [
                68.40763999269154,
                23.793751003406157
              ],
              [
                68.38931299290039,
                23.832921003001957
              ],
              [
                68.3945779928801,
                23.801810002729496
              ],
              [
                68.33347399263073,
                23.791805003598085
              ],
              [
                68.34291899291725,
                23.835694003175774
              ],
              [
                68.39568999199957,
                23.87819600354277
              ]
            ]
          ],
          [
            [
              [
                68.4493019920933,
                23.938472003380298
              ],
              [
                68.43430299198957,
                23.867361003007943
              ],
              [
                68.41208599267446,
                23.88403000278248
              ],
              [
                68.42542399262322,
                23.89347000373772
              ],
              [
                68.35346899289976,
                23.846810004078463
              ],
              [
                68.36596799282864,
                23.905969003666655
              ],
              [
                68.4493019920933,
                23.938472003380298
              ]
            ]
          ],
          [
            [
              [
                68.53541499270779,
                23.945973003051677
              ],
              [
                68.58790499232157,
                23.921529003560693
              ],
              [
                68.54902599265552,
                23.875139003762058
              ],
              [
                68.49513999251667,
                23.86708300277843
              ],
              [
                68.53541499270779,
                23.945973003051677
              ]
            ]
          ],
          [
            [
              [
                68.49764299282992,
                23.967470865787902
              ],
              [
                68.51847199288824,
                23.92430500297354
              ],
              [
                68.43235699308082,
                23.852084003573964
              ],
              [
                68.45403399177536,
                23.922919003809056
              ],
              [
                68.4348589924486,
                23.952361002658222
              ],
              [
                68.49764299282992,
                23.967470865787902
              ]
            ]
          ],
          [
            [
              [
                68.35846699315726,
                23.97500411155056
              ],
              [
                68.43190003405937,
                23.96718192710432
              ],
              [
                68.41179699283703,
                23.926532004048795
              ],
              [
                68.34401699318971,
                23.897922003997337
              ],
              [
                68.33736499220066,
                23.822083003228045
              ],
              [
                68.29985899289824,
                23.822920003155673
              ],
              [
                68.27124699275458,
                23.78957800342215
              ],
              [
                68.26597499335134,
                23.68985900309059
              ],
              [
                68.23680899284079,
                23.68208300332799
              ],
              [
                68.19541999253869,
                23.72625000403451
              ],
              [
                68.22458599214985,
                23.770696003218006
              ],
              [
                68.2112509923395,
                23.830420003680274
              ],
              [
                68.27735999226991,
                23.834304002927468
              ],
              [
                68.25569199219171,
                23.862084003374093
              ],
              [
                68.31069199244155,
                23.87625200382695
              ],
              [
                68.26430499278126,
                23.875415003000057
              ],
              [
                68.27929699346151,
                23.91653100330319
              ],
              [
                68.33846999279598,
                23.920973004000984
              ],
              [
                68.35846699315726,
                23.97500411155056
              ]
            ]
          ],
          [
            [
              [
                72.65791511019421,
                21.470651627170923
              ],
              [
                72.68152808575263,
                21.52597236613184
              ],
              [
                72.74180793199054,
                21.545694351113468
              ],
              [
                72.65625898796196,
                21.527507333496715
              ],
              [
                72.62602389678545,
                21.543715836316835
              ],
              [
                72.60986518223245,
                21.586252212369743
              ],
              [
                72.62680625390556,
                21.611249923545188
              ],
              [
                72.695138925621,
                21.646249771309954
              ],
              [
                72.82486151994323,
                21.66152763409309
              ],
              [
                72.74319648163237,
                21.688474654581682
              ],
              [
                72.54985999434331,
                21.65875053391005
              ],
              [
                72.52707862278027,
                21.677362441623416
              ],
              [
                72.51790809108559,
                21.70597267100203
              ],
              [
                72.55680799369401,
                21.8020809994386
              ],
              [
                72.61710708182642,
                21.87029409729479
              ],
              [
                72.62674339579115,
                21.947381605276917
              ],
              [
                72.57167377542447,
                21.881568731411903
              ],
              [
                72.52474784263887,
                21.878606796266695
              ],
              [
                72.50708197944982,
                21.903196334843017
              ],
              [
                72.54736518325666,
                22.14940071237305
              ],
              [
                72.60653113820155,
                22.214864732021795
              ],
              [
                72.75625037675354,
                22.1737537382445
              ],
              [
                72.80930137166104,
                22.246252060684128
              ],
              [
                72.88153266470079,
                22.225969315131863
              ],
              [
                72.91930579682514,
                22.26819419930291
              ],
              [
                72.87264441940448,
                22.242361068308696
              ],
              [
                72.8376407576149,
                22.279592514483
              ],
              [
                72.75930976423427,
                22.231809616820385
              ],
              [
                72.69625281781333,
                22.236806870640635
              ],
              [
                72.64041709377392,
                22.283193589712425
              ],
              [
                72.54541968796826,
                22.24570274488582
              ],
              [
                72.53708838921784,
                22.279031753912363
              ],
              [
                72.47430610204503,
                22.200696946506923
              ],
              [
                72.49375724360198,
                22.241811753409763
              ],
              [
                72.43514441937953,
                22.30070304910646
              ],
              [
                72.39013862189995,
                22.309572220681503
              ],
              [
                72.4117984714224,
                22.349309921815518
              ],
              [
                72.3698596903725,
                22.381250382099495
              ],
              [
                72.4043064065155,
                22.352361679447995
              ],
              [
                72.3728885602589,
                22.32125282405866
              ],
              [
                72.4109744981746,
                22.29931068543982
              ],
              [
                72.41234778811997,
                22.22020912235314
              ],
              [
                72.37764167242528,
                22.226251603328876
              ],
              [
                72.36680793184064,
                22.264589310048677
              ],
              [
                72.36264228201577,
                22.203752518164208
              ],
              [
                72.3898639617525,
                22.170972824935973
              ],
              [
                72.38458442153387,
                22.15680885434523
              ],
              [
                72.36347007198628,
                22.18792152465869
              ],
              [
                72.3498592312186,
                22.12847328241611
              ],
              [
                72.29958533649415,
                22.195974351035545
              ],
              [
                72.32153510496119,
                22.124311447515367
              ],
              [
                72.27847480187069,
                21.93208122167107
              ],
              [
                72.24402808572762,
                22.03958320679959
              ],
              [
                72.303468698122,
                22.070970535461868
              ],
              [
                72.30124854448479,
                22.100694657032818
              ],
              [
                72.27097510711553,
                22.099863053037495
              ],
              [
                72.20958899853349,
                22.010419845799277
              ],
              [
                72.1762485438353,
                22.039861680072534
              ],
              [
                72.22763633075209,
                21.989313126099944
              ],
              [
                72.22152900056301,
                21.95708274956928
              ],
              [
                72.19430732082623,
                21.94486045934275
              ],
              [
                72.14792060265376,
                21.98264122131536
              ],
              [
                72.1498660979421,
                21.956808091220466
              ],
              [
                72.21792029728397,
                21.94847297754592
              ],
              [
                72.25208472612928,
                21.89902687099334
              ],
              [
                72.26847266528131,
                21.745141982616474
              ],
              [
                72.18931006790535,
                21.828199386392612
              ],
              [
                72.23568915802826,
                21.791532516612392
              ],
              [
                72.3043041170414,
                21.62431144761524
              ],
              [
                72.23402213421417,
                21.455228805365152
              ],
              [
                72.09654044558516,
                21.28318977318952
              ],
              [
                72.10180854193072,
                21.194860458143694
              ],
              [
                71.97707938560524,
                21.121812820805076
              ],
              [
                71.80347632717081,
                21.06347465493144
              ],
              [
                71.79208564093966,
                21.03597450192177
              ],
              [
                71.51569556569785,
                20.94847679087127
              ],
              [
                71.51291846551482,
                20.92014121984147
              ],
              [
                71.43958472505506,
                20.869306563647058
              ],
              [
                71.37903022046834,
                20.874319076264385
              ],
              [
                71.06625556274406,
                20.734586715504577
              ],
              [
                70.87735556690592,
                20.72931098931076
              ],
              [
                70.86291693886568,
                20.752641677571432
              ],
              [
                70.868749610706,
                20.710702895622205
              ],
              [
                70.82903479731812,
                20.69042015006994
              ],
              [
                70.43902777870909,
                20.852640152121353
              ],
              [
                70.26513861805284,
                20.968469620176904
              ],
              [
                70.00152777778476,
                21.204580307435265
              ],
              [
                69.7806949542088,
                21.454034806061486
              ],
              [
                69.80486487541373,
                21.46402931370193
              ],
              [
                69.7795886909654,
                21.458749772583985
              ],
              [
                69.61680792924261,
                21.623460770797976
              ],
              [
                69.59097480004704,
                21.638471605080554
              ],
              [
                69.59097479914772,
                21.623460770797976
              ],
              [
                69.23069953105858,
                21.944032670271554
              ],
              [
                68.95403479656864,
                22.243749620648543
              ],
              [
                68.93708228282117,
                22.3154201531176
              ],
              [
                68.98903083030865,
                22.41708564968303
              ],
              [
                69.07514380574207,
                22.478197100815578
              ],
              [
                69.04403113542861,
                22.43124962027383
              ],
              [
                69.07115363253416,
                22.39513969703944
              ],
              [
                69.18681525382095,
                22.42125129860858
              ],
              [
                69.19930457254804,
                22.393472674124666
              ],
              [
                69.15819739549346,
                22.316251757112923
              ],
              [
                69.22652625228477,
                22.257917407062735
              ],
              [
                69.31234931147162,
                22.287363055360743
              ],
              [
                69.34680365746289,
                22.32793236049008
              ],
              [
                69.48208808199945,
                22.3345851915534
              ],
              [
                69.51986121412381,
                22.379041674133987
              ],
              [
                69.4990177080009,
                22.433469774810305
              ],
              [
                69.55208777662966,
                22.40208244614803
              ],
              [
                69.56096839207771,
                22.361532212941313
              ],
              [
                69.5887546473092,
                22.36264229020958
              ],
              [
                69.57541846489028,
                22.32041740603853
              ],
              [
                69.58513831328258,
                22.347360612502314
              ],
              [
                69.60679435057887,
                22.32736015514712
              ],
              [
                69.61708258939007,
                22.355421067828047
              ],
              [
                69.65708350499983,
                22.364583971473166
              ],
              [
                69.69764136535679,
                22.409025194357298
              ],
              [
                69.68013953401237,
                22.4432010661763
              ],
              [
                69.72930716819133,
                22.47403145009139
              ],
              [
                69.74619101780127,
                22.433752061208736
              ],
              [
                69.80458258901535,
                22.404584886183613
              ],
              [
                69.83486365623281,
                22.467641831705237
              ],
              [
                69.87264441730605,
                22.44708061377935
              ],
              [
                69.91010855946251,
                22.45985984965239
              ],
              [
                69.9228567615304,
                22.502081802033615
              ],
              [
                69.970968239093,
                22.539861679972603
              ],
              [
                70.17151831891533,
                22.557920457862906
              ],
              [
                70.24458502997521,
                22.67014122174004
              ],
              [
                70.24431037252572,
                22.71042060972343
              ],
              [
                70.42624854463469,
                22.93819236928249
              ],
              [
                70.49263953598586,
                23.07291984727317
              ],
              [
                70.39930915219566,
                23.02847480946491
              ],
              [
                70.38875007085915,
                22.953474046989754
              ],
              [
                70.34956168552344,
                22.93097114780028
              ],
              [
                70.20402716871894,
                22.982919694388443
              ],
              [
                70.22485923096878,
                22.960699083396037
              ],
              [
                70.15173148382098,
                22.94875145241764
              ],
              [
                70.1231937344034,
                22.96069526937123
              ],
              [
                70.13680457337244,
                23.003194811891092
              ],
              [
                70.11924552266282,
                22.953474046989754
              ],
              [
                70.09179114604461,
                22.95236015569668
              ],
              [
                70.13903235685785,
                22.933202744411176
              ],
              [
                70.12790107017832,
                22.92292213634755
              ],
              [
                69.80418329362413,
                22.850592112136326
              ],
              [
                69.74846839170294,
                22.812368395385192
              ],
              [
                69.70652961065309,
                22.73236275014085
              ],
              [
                69.63430976148635,
                22.79430580347008
              ],
              [
                69.63263510962264,
                22.76402855117675
              ],
              [
                69.60136331776295,
                22.757679960761607
              ],
              [
                69.55626105540347,
                22.791532519110547
              ],
              [
                69.46985816282404,
                22.77403068776607
              ],
              [
                69.37069892211764,
                22.81931114449378
              ],
              [
                69.19846915542723,
                22.83875084217766
              ],
              [
                68.66153144142294,
                23.149034502840095
              ],
              [
                68.63791846496525,
                23.168470386499166
              ],
              [
                68.67597006946318,
                23.14291954460134
              ],
              [
                68.58513831348245,
                23.22236061435092
              ],
              [
                68.58819770096318,
                23.237085346411675
              ],
              [
                68.62708472438061,
                23.215139392868764
              ],
              [
                68.60624884900523,
                23.236908876043856
              ],
              [
                68.66013907685698,
                23.266809466183986
              ],
              [
                68.62959479516371,
                23.295141223188978
              ],
              [
                68.69280240320842,
                23.306738110475465
              ],
              [
                68.63291739712025,
                23.322916034547404
              ],
              [
                68.63680457367218,
                23.34680748337871
              ],
              [
                68.53431128713623,
                23.42347145474389
              ],
              [
                68.50013922934204,
                23.48431206155243
              ],
              [
                68.51542090614993,
                23.485139849724362
              ],
              [
                68.49431037242579,
                23.506532672544836
              ],
              [
                68.48681067677137,
                23.59653282542962
              ],
              [
                68.49958228369547,
                23.65514946277756
              ],
              [
                68.53152655890364,
                23.659307482754173
              ],
              [
                68.55569648010851,
                23.71569633751602
              ],
              [
                68.63291739712025,
                23.7584705383847
              ],
              [
                68.6659717486973,
                23.80820274625978
              ],
              [
                68.73903083080825,
                23.83596992777001
              ],
              [
                68.72319983730273,
                23.830972674849136
              ],
              [
                68.75374793212143,
                23.87125206283247
              ],
              [
                68.589303962408,
                23.837087634886473
              ],
              [
                68.53875159530992,
                23.76208305748719
              ],
              [
                68.51680945669113,
                23.782640460488892
              ],
              [
                68.56931113400168,
                23.8751430552079
              ],
              [
                68.65958594523522,
                23.91569328661592
              ],
              [
                68.63125037420548,
                23.90403175696008
              ],
              [
                68.59402655787937,
                23.941804889084437
              ],
              [
                68.54458808207437,
                23.93486213997585
              ],
              [
                68.54625129006502,
                23.962640766258403
              ],
              [
                68.74837130828928,
                23.967971248574315
              ],
              [
                68.76171981321886,
                24.29050571876394
              ],
              [
                68.81721802978831,
                24.31150262044963
              ],
              [
                68.86633846754631,
                24.21214301528795
              ],
              [
                68.93365416161032,
                24.295621909723423
              ],
              [
                69.00519074365798,
                24.223190692896196
              ],
              [
                69.09201412415257,
                24.272334459068077
              ],
              [
                69.19276826034701,
                24.237929034397496
              ],
              [
                69.30863075780331,
                24.280705843300098
              ],
              [
                69.48444599198899,
                24.267795153523593
              ],
              [
                69.5878698637033,
                24.291326259299467
              ],
              [
                69.73009270081752,
                24.17183901645751
              ],
              [
                70.0164739705973,
                24.169912895263963
              ],
              [
                70.0656002620425,
                24.198072472566594
              ],
              [
                70.1203427639075,
                24.29784234304975
              ],
              [
                70.57647092779115,
                24.42039909344345
              ],
              [
                70.59425978765915,
                24.393812684907516
              ],
              [
                70.56463232522168,
                24.335224849247425
              ],
              [
                70.59310828402016,
                24.245717219074436
              ],
              [
                70.71118485839457,
                24.216884714158255
              ],
              [
                70.8339203112734,
                24.228845987852083
              ],
              [
                70.89709390246168,
                24.256739335252178
              ],
              [
                70.87932447964107,
                24.302883632173916
              ],
              [
                70.94571990824721,
                24.349708710488642
              ],
              [
                71.05237604142121,
                24.360576949067024
              ],
              [
                71.12182770628368,
                24.407451763488154
              ],
              [
                71.11423095759267,
                24.433411476758295
              ],
              [
                70.99727620922971,
                24.448389580215007
              ],
              [
                71.00529571482542,
                24.52894598646816
              ],
              [
                70.98820833334798,
                24.547589122240254
              ],
              [
                71.01074819557283,
                24.636737605456176
              ],
              [
                71.09782056326844,
                24.686576570052694
              ],
              [
                71.27827892343362,
                24.617918851873583
              ],
              [
                71.3481809184147,
                24.65902773584139
              ],
              [
                71.37220922337701,
                24.626256143706144
              ],
              [
                71.48027552679417,
                24.67837924330746
              ],
              [
                71.6089519532701,
                24.674757509751316
              ],
              [
                71.65397345650985,
                24.637169039919286
              ],
              [
                71.79756182242022,
                24.672512115741597
              ],
              [
                71.81429900789294,
                24.619957991767933
              ],
              [
                71.84851126178535,
                24.6093499018765
              ],
              [
                71.8642834890918,
                24.67546053497574
              ],
              [
                71.91927091861805,
                24.66514153575332
              ],
              [
                71.93749525899904,
                24.629771667328612
              ],
              [
                72.04630600861549,
                24.70848244081202
              ],
              [
                72.07347121092772,
                24.70294526820959
              ],
              [
                72.09568487465731,
                24.64584853008563
              ],
              [
                72.16958767912814,
                24.614994206217716
              ],
              [
                72.22418340713858,
                24.635002911255413
              ],
              [
                72.34252539213321,
                24.6231038850363
              ],
              [
                72.3203890512138,
                24.588689945584576
              ],
              [
                72.27098444747435,
                24.601153680398056
              ],
              [
                72.24516325587962,
                24.582202920728264
              ],
              [
                72.2658314940283,
                24.552131859597694
              ],
              [
                72.35235576270833,
                24.554242715029318
              ],
              [
                72.3807207073948,
                24.502139066864515
              ],
              [
                72.43056091935102,
                24.506863210069127
              ],
              [
                72.45911706799836,
                24.408502543057978
              ],
              [
                72.50226805872398,
                24.411196448757153
              ],
              [
                72.49520516019004,
                24.45159731716251
              ],
              [
                72.53701308088904,
                24.506079592998844
              ],
              [
                72.58344844249166,
                24.473575029364156
              ],
              [
                72.68825074017957,
                24.460958860363178
              ],
              [
                72.72768424563151,
                24.361944835885538
              ],
              [
                72.84919182174525,
                24.36638109980794
              ],
              [
                72.91119234714915,
                24.333033319232356
              ],
              [
                72.98791825032703,
                24.368253060230586
              ],
              [
                72.96198116669757,
                24.38316263804535
              ],
              [
                73.00897223108365,
                24.48243223276137
              ],
              [
                73.04729503154056,
                24.46519855317075
              ],
              [
                73.09534678332744,
                24.491322974575667
              ],
              [
                73.09449005946874,
                24.38532808502316
              ],
              [
                73.16634347357251,
                24.350319654128782
              ],
              [
                73.22805309347552,
                24.364180633229694
              ],
              [
                73.20752260538399,
                24.333788155299203
              ],
              [
                73.18937044369108,
                24.343180834827706
              ],
              [
                73.18114218746206,
                24.308719506500097
              ],
              [
                73.14006603971603,
                24.299176659974933
              ],
              [
                73.07851349899886,
                24.18479756815327
              ],
              [
                73.13435478624444,
                24.12775720583045
              ],
              [
                73.20833185852848,
                24.10366428817639
              ],
              [
                73.2040510613075,
                24.03900587582058
              ],
              [
                73.24853596696136,
                24.01055239287865
              ],
              [
                73.28716919720074,
                24.026751050820394
              ],
              [
                73.32827435347866,
                24.103288558620136
              ],
              [
                73.37001945653276,
                24.12733438417456
              ],
              [
                73.36608883733004,
                24.08718474857733
              ],
              [
                73.41028554084511,
                24.050180141999988
              ],
              [
                73.4167447496705,
                23.935552130426515
              ],
              [
                73.35589397692553,
                23.85382498313652
              ],
              [
                73.35878896383969,
                23.79694169370424
              ],
              [
                73.38583659238486,
                23.76840009518827
              ],
              [
                73.41657198990549,
                23.778414751239836
              ],
              [
                73.49812916712744,
                23.705584725554672
              ],
              [
                73.49717625537994,
                23.632766397351418
              ],
              [
                73.52283096088019,
                23.609513801720595
              ],
              [
                73.56705523760917,
                23.652314904009643
              ],
              [
                73.64689945364694,
                23.6255563715294
              ],
              [
                73.63330000998752,
                23.529828843026735
              ],
              [
                73.6547408763904,
                23.50278272444325
              ],
              [
                73.62890274606491,
                23.451099968888514
              ],
              [
                73.69031005256693,
                23.457511183594306
              ],
              [
                73.71357968585386,
                23.41741147925643
              ],
              [
                73.7571875645545,
                23.45530887430516
              ],
              [
                73.79078218115279,
                23.434012387761527
              ],
              [
                73.82359865125682,
                23.44523944684306
              ],
              [
                73.89100392409188,
                23.335435307893192
              ],
              [
                73.9357753852259,
                23.339655719236077
              ],
              [
                73.95390286232731,
                23.37584875331737
              ],
              [
                74.04156280028309,
                23.294182169071917
              ],
              [
                74.09891742350032,
                23.293763152447582
              ],
              [
                74.12718582596517,
                23.27069267852437
              ],
              [
                74.12768811351566,
                23.17563584192061
              ],
              [
                74.18026979631412,
                23.150151600216248
              ],
              [
                74.19746056205537,
                23.1816439301233
              ],
              [
                74.24353801236941,
                23.186099567241286
              ],
              [
                74.36638154307383,
                22.98129481640268
              ],
              [
                74.3391009676356,
                22.962474468322114
              ],
              [
                74.35950795362919,
                22.930857523855707
              ],
              [
                74.38577887279678,
                22.90485086327675
              ],
              [
                74.46055524273032,
                22.911123657930546
              ],
              [
                74.46959168910524,
                22.830322592913376
              ],
              [
                74.40589563497565,
                22.7348254491352
              ],
              [
                74.38137281710186,
                22.641410592025238
              ],
              [
                74.26026695015969,
                22.640699218394275
              ],
              [
                74.21044602326543,
                22.565499524983125
              ],
              [
                74.13953668147275,
                22.516956073364156
              ],
              [
                74.08049557940751,
                22.547771057288514
              ],
              [
                74.03684499280223,
                22.528439864608117
              ],
              [
                74.03191058000931,
                22.49471444611487
              ],
              [
                74.08142159333192,
                22.506754090329082
              ],
              [
                74.0745171598391,
                22.4716266989131
              ],
              [
                74.11251753985266,
                22.424633422194745
              ],
              [
                74.15259237523799,
                22.454888621312875
              ],
              [
                74.1670955862923,
                22.431737242579743
              ],
              [
                74.18725798097108,
                22.475998253016996
              ],
              [
                74.2127205939803,
                22.432485120591878
              ],
              [
                74.25055577752715,
                22.43110844739698
              ],
              [
                74.29080161270434,
                22.39249848082028
              ],
              [
                74.25452250181206,
                22.39809500238249
              ],
              [
                74.18028323488346,
                22.320786363699767
              ],
              [
                74.13973006808823,
                22.328468632521435
              ],
              [
                74.10802457907113,
                22.369854602108262
              ],
              [
                74.07297610496335,
                22.360662985808176
              ],
              [
                74.05414417181612,
                22.291807194646367
              ],
              [
                74.08742545022443,
                22.242013365224693
              ],
              [
                74.07032893073563,
                22.232855165033868
              ],
              [
                74.11516141536708,
                22.21467512795482
              ],
              [
                74.12605380433968,
                22.096030670379207
              ],
              [
                74.17469684688206,
                22.088370531175144
              ],
              [
                74.09678056686971,
                22.01665512613323
              ],
              [
                74.14458749981333,
                21.959055115701062
              ],
              [
                73.8106941344268,
                21.827353809630665
              ],
              [
                73.89263060162102,
                21.666014573913515
              ],
              [
                73.86468134067138,
                21.637577486511816
              ],
              [
                73.78499105439369,
                21.627672258168218
              ],
              [
                73.86455518737205,
                21.4961001145287
              ],
              [
                74.06918087239939,
                21.558087194168706
              ],
              [
                74.17320696073273,
                21.560261356476474
              ],
              [
                74.20750300805742,
                21.53108031930134
              ],
              [
                74.29761995050035,
                21.55758533469549
              ],
              [
                74.32913287668094,
                21.518161339574192
              ],
              [
                74.3050765281593,
                21.479577491108387
              ],
              [
                74.24513554197176,
                21.46131884608792
              ],
              [
                74.22065134638257,
                21.476929258378618
              ],
              [
                74.21912477149107,
                21.46091564044451
              ],
              [
                74.10396924278638,
                21.44660692666838
              ],
              [
                74.07017507292136,
                21.472517351694478
              ],
              [
                74.04154166441634,
                21.417193841922312
              ],
              [
                73.94988767897325,
                21.401316080972435
              ],
              [
                73.94277975947836,
                21.296377138494222
              ],
              [
                73.88605323716723,
                21.261320949102583
              ],
              [
                73.82601114919521,
                21.26643380357723
              ],
              [
                73.81626907945451,
                21.170943485653368
              ],
              [
                73.62942168186521,
                21.1319148468927
              ],
              [
                73.59111783911703,
                21.17400534986706
              ],
              [
                73.58162170607693,
                21.160163881557935
              ],
              [
                73.6216880212852,
                21.119417593447224
              ],
              [
                73.68655321116182,
                21.10018845313465
              ],
              [
                73.7460128136405,
                21.113214183287994
              ],
              [
                73.73241561019233,
                21.093986016041868
              ],
              [
                73.76376373111134,
                21.067362641772547
              ],
              [
                73.8048404715106,
                21.07772350893282
              ],
              [
                73.813886494766,
                21.025080763966116
              ],
              [
                73.90776344692557,
                20.968972736902344
              ],
              [
                73.89006255874017,
                20.932041861242965
              ],
              [
                73.93889168810097,
                20.839174337825455
              ],
              [
                73.94123021050586,
                20.751552073369567
              ],
              [
                73.91450138173343,
                20.72264641130289
              ],
              [
                73.87905822845454,
                20.728761838088417
              ],
              [
                73.85695991716648,
                20.69348254218562
              ],
              [
                73.82198764081704,
                20.69568155096283
              ],
              [
                73.8396414521913,
                20.622752849864185
              ],
              [
                73.74102749022654,
                20.566724983870984
              ],
              [
                73.63192010462916,
                20.577385277608528
              ],
              [
                73.59966082568661,
                20.635781211433823
              ],
              [
                73.53690136780392,
                20.66873786246242
              ],
              [
                73.49283892407715,
                20.652343027308916
              ],
              [
                73.4724466869651,
                20.719254114585794
              ],
              [
                73.45056584164035,
                20.713952152469915
              ],
              [
                73.44634908334359,
                20.685689618081483
              ],
              [
                73.39315789402167,
                20.648940301154028
              ],
              [
                73.49259257728568,
                20.539887547572334
              ],
              [
                73.38260402065907,
                20.390033504242865
              ],
              [
                73.4130612317905,
                20.35541948901823
              ],
              [
                73.4190939668132,
                20.215300480932513
              ],
              [
                73.3939032997975,
                20.19492913417224
              ],
              [
                73.3527177819002,
                20.211933719565536
              ],
              [
                73.28887217231295,
                20.196187336076775
              ],
              [
                73.27402130853659,
                20.145822769904953
              ],
              [
                73.21701173720197,
                20.122726106824416
              ],
              [
                73.18630168887188,
                20.15627948321162
              ],
              [
                73.21869369425866,
                20.18021507166827
              ],
              [
                73.1703761721227,
                20.20878058045946
              ],
              [
                73.13579031107406,
                20.207197373460076
              ],
              [
                73.14009694671677,
                20.173067322099257
              ],
              [
                73.10962243622652,
                20.159342892460586
              ],
              [
                73.0621387816795,
                20.163797492660194
              ],
              [
                73.06011176734427,
                20.221763177328796
              ],
              [
                73.16726689475144,
                20.301025247816995
              ],
              [
                73.14261619148408,
                20.31763946898633
              ],
              [
                73.10569676059708,
                20.30425724307736
              ],
              [
                73.09744325140497,
                20.36093050483896
              ],
              [
                73.03168072338673,
                20.290567097393705
              ],
              [
                73.01435292794531,
                20.31314534718007
              ],
              [
                72.96388311861108,
                20.272222083282543
              ],
              [
                72.93068973364433,
                20.29260331269279
              ],
              [
                72.91376792544946,
                20.279163772090442
              ],
              [
                72.95855587115659,
                20.21136522482533
              ],
              [
                72.860785369849,
                20.22316396494506
              ],
              [
                72.78973152768793,
                20.138539822554833
              ],
              [
                72.72927533698726,
                20.13680666979201
              ],
              [
                72.73752586402748,
                20.19015358571943
              ],
              [
                72.76910317896858,
                20.21079826972442
              ],
              [
                72.73782102152296,
                20.24622474507595
              ],
              [
                72.76619480204852,
                20.34206720783544
              ],
              [
                72.8062156565274,
                20.372716652651434
              ],
              [
                72.89637850486417,
                20.37669566437347
              ],
              [
                72.90041814977786,
                20.405266894651504
              ],
              [
                72.86031702541044,
                20.41961418124953
              ],
              [
                72.88563931899944,
                20.459070828955646
              ],
              [
                72.84460874080082,
                20.474556634780924
              ],
              [
                72.86712559027382,
                20.4984587549676
              ],
              [
                72.88267951794546,
                20.61017978986547
              ],
              [
                72.78286722554208,
                20.899793016234753
              ],
              [
                72.79294319107544,
                20.933323105576903
              ],
              [
                72.837857312565,
                20.944675722606576
              ],
              [
                72.75738666386349,
                20.928930742959494
              ],
              [
                72.72202378047314,
                21.03997750126075
              ],
              [
                72.75494279217617,
                21.050383118686057
              ],
              [
                72.6997630938917,
                21.060837142120477
              ],
              [
                72.70375251166911,
                21.148195267597544
              ],
              [
                72.67318915715396,
                21.157358169444024
              ],
              [
                72.65598487280369,
                21.085142137000048
              ],
              [
                72.62764167192569,
                21.089582444274413
              ],
              [
                72.62097358116591,
                21.209306716931508
              ],
              [
                72.65207862342976,
                21.22485923716414
              ],
              [
                72.60819053126806,
                21.234308242131704
              ],
              [
                72.58819770286175,
                21.290704728540447
              ],
              [
                72.68875312215891,
                21.45486259423336
              ],
              [
                72.64569281996773,
                21.434583663605224
              ],
              [
                72.65791511019421,
                21.470651627170923
              ]
            ]
          ]
        ]
      }
    }
  ]
}